{"$type":"System.Collections.Generic.List`1[[Sitecore.Commerce.Plugin.Catalog.ImportRelationshipsArgument, Sitecore.Commerce.Plugin.Catalog]], mscorlib","$values":[{"$type":"Sitecore.Commerce.Plugin.Catalog.ImportRelationshipsArgument, Sitecore.Commerce.Plugin.Catalog","SourceId":"Entity-InventorySet-Adventure Works Inventory","SourceEntityVersion":1,"TargetIds":{"$type":"System.Collections.Generic.List`1[[System.String, mscorlib]], mscorlib","$values":["Entity-Catalog-Adventure Works Catalog"]},"RelationshipType":"InventorySetToCatalog"},{"$type":"Sitecore.Commerce.Plugin.Catalog.ImportRelationshipsArgument, Sitecore.Commerce.Plugin.Catalog","SourceId":"Entity-InventorySet-Adventure Works Inventory","SourceEntityVersion":1,"TargetIds":{"$type":"System.Collections.Generic.List`1[[System.String, mscorlib]], mscorlib","$values":["Entity-InventoryInformation-Adventure Works Inventory-AW425 14","Entity-InventoryInformation-Adventure Works Inventory-AW029 03-44","Entity-InventoryInformation-Adventure Works Inventory-AW325 13-39","Entity-InventoryInformation-Adventure Works Inventory-AW055 01-44","Entity-InventoryInformation-Adventure Works Inventory-AW045 03-70","Entity-InventoryInformation-Adventure Works Inventory-AW190 11-18","Entity-InventoryInformation-Adventure Works Inventory-AW053 10-37","Entity-InventoryInformation-Adventure Works Inventory-AW046 01-39","Entity-InventoryInformation-Adventure Works Inventory-AW125 06-26","Entity-InventoryInformation-Adventure Works Inventory-AW055 01-33","Entity-InventoryInformation-Adventure Works Inventory-AW188 06-19","Entity-InventoryInformation-Adventure Works Inventory-AW055 01-34","Entity-InventoryInformation-Adventure Works Inventory-AW048 01-31","Entity-InventoryInformation-Adventure Works Inventory-AW075 03-55","Entity-InventoryInformation-Adventure Works Inventory-AW072 10-38","Entity-InventoryInformation-Adventure Works Inventory-AW125 05","Entity-InventoryInformation-Adventure Works Inventory-AW007 08","Entity-InventoryInformation-Adventure Works Inventory-AW151 13-42","Entity-InventoryInformation-Adventure Works Inventory-AW032 01-37","Entity-InventoryInformation-Adventure Works Inventory-AW109 15","Entity-InventoryInformation-Adventure Works Inventory-AW175 13-43","Entity-InventoryInformation-Adventure Works Inventory-AW032 01-38","Entity-InventoryInformation-Adventure Works Inventory-AW014 08","Entity-InventoryInformation-Adventure Works Inventory-AW042 03-52","Entity-InventoryInformation-Adventure Works Inventory-AW390 12-1","Entity-InventoryInformation-Adventure Works Inventory-AW029 03-46","Entity-InventoryInformation-Adventure Works Inventory-AW045 03-67","Entity-InventoryInformation-Adventure Works Inventory-AW098 04-5","Entity-InventoryInformation-Adventure Works Inventory-AW045 03-57","Entity-InventoryInformation-Adventure Works Inventory-AW045 03-48","Entity-InventoryInformation-Adventure Works Inventory-AW032 01-27","Entity-InventoryInformation-Adventure Works Inventory-AW087 04-8","Entity-InventoryInformation-Adventure Works Inventory-AW078 04-6","Entity-InventoryInformation-Adventure Works Inventory-AW048 01-42","Entity-InventoryInformation-Adventure Works Inventory-AW075 03-54","Entity-InventoryInformation-Adventure Works Inventory-AW051 14","Entity-InventoryInformation-Adventure Works Inventory-AW032 01-28","Entity-InventoryInformation-Adventure Works Inventory-AW310 12-2","Entity-InventoryInformation-Adventure Works Inventory-AW335 11-15","Entity-InventoryInformation-Adventure Works Inventory-AW055 01-43","Entity-InventoryInformation-Adventure Works Inventory-AW535 11-12","Entity-InventoryInformation-Adventure Works Inventory-AW029 10-36","Entity-InventoryInformation-Adventure Works Inventory-AW074 04-9","Entity-InventoryInformation-Adventure Works Inventory-AW190 11-17","Entity-InventoryInformation-Adventure Works Inventory-AW055 01-53","Entity-InventoryInformation-Adventure Works Inventory-AW425 11-11","Entity-InventoryInformation-Adventure Works Inventory-AW055 01-54","Entity-InventoryInformation-Adventure Works Inventory-AW250 06-22","Entity-InventoryInformation-Adventure Works Inventory-AW045 03-60","Entity-InventoryInformation-Adventure Works Inventory-AW045 03-47","Entity-InventoryInformation-Adventure Works Inventory-AW029 03-64","Entity-InventoryInformation-Adventure Works Inventory-AW084 05","Entity-InventoryInformation-Adventure Works Inventory-AW188 06-21","Entity-InventoryInformation-Adventure Works Inventory-AW190 11-16","Entity-InventoryInformation-Adventure Works Inventory-AW009 08","Entity-InventoryInformation-Adventure Works Inventory-AW149 15","Entity-InventoryInformation-Adventure Works Inventory-AW086 06","Entity-InventoryInformation-Adventure Works Inventory-AW031 14","Entity-InventoryInformation-Adventure Works Inventory-AW029 03-54","Entity-InventoryInformation-Adventure Works Inventory-AW042 03-71","Entity-InventoryInformation-Adventure Works Inventory-AW042 03-51","Entity-InventoryInformation-Adventure Works Inventory-AW045 03-59","Entity-InventoryInformation-Adventure Works Inventory-AW335 11-14","Entity-InventoryInformation-Adventure Works Inventory-AW200 12-3","Entity-InventoryInformation-Adventure Works Inventory-AW075 03-74","Entity-InventoryInformation-Adventure Works Inventory-AW078 04-7","Entity-InventoryInformation-Adventure Works Inventory-AW045 03-69","Entity-InventoryInformation-Adventure Works Inventory-AW075 03-75","Entity-InventoryInformation-Adventure Works Inventory-AW475 14","Entity-InventoryInformation-Adventure Works Inventory-AW046 01-40","Entity-InventoryInformation-Adventure Works Inventory-AW045 03-50","Entity-InventoryInformation-Adventure Works Inventory-AW013 08","Entity-InventoryInformation-Adventure Works Inventory-AW048 01-41","Entity-InventoryInformation-Adventure Works Inventory-AW029 03-56","Entity-InventoryInformation-Adventure Works Inventory-AW140 13-41","Entity-InventoryInformation-Adventure Works Inventory-AW046 01-30","Entity-InventoryInformation-Adventure Works Inventory-AW029 03-55","Entity-InventoryInformation-Adventure Works Inventory-AW325 13-40","Entity-InventoryInformation-Adventure Works Inventory-AW042 03-63","Entity-InventoryInformation-Adventure Works Inventory-AW125 06-25","Entity-InventoryInformation-Adventure Works Inventory-AW042 03-62","Entity-InventoryInformation-Adventure Works Inventory-AW150 05","Entity-InventoryInformation-Adventure Works Inventory-AW075 03-65","Entity-InventoryInformation-Adventure Works Inventory-AW032 10-35","Entity-InventoryInformation-Adventure Works Inventory-AW114 06-23","Entity-InventoryInformation-Adventure Works Inventory-AW029 03-45","Entity-InventoryInformation-Adventure Works Inventory-AW188 06-20","Entity-InventoryInformation-Adventure Works Inventory-AW145 15","Entity-InventoryInformation-Adventure Works Inventory-AW210 12-4","Entity-InventoryInformation-Adventure Works Inventory-AW048 01-52","Entity-InventoryInformation-Adventure Works Inventory-AW045 03-68","Entity-InventoryInformation-Adventure Works Inventory-AW042 03-53","Entity-InventoryInformation-Adventure Works Inventory-AW535 11-13","Entity-InventoryInformation-Adventure Works Inventory-AW045 03-49","Entity-InventoryInformation-Adventure Works Inventory-AW042 03-61","Entity-InventoryInformation-Adventure Works Inventory-AW048 01-51","Entity-InventoryInformation-Adventure Works Inventory-AW046 01-29","Entity-InventoryInformation-Adventure Works Inventory-AW048 01-32","Entity-InventoryInformation-Adventure Works Inventory-AW425 11-10","Entity-InventoryInformation-Adventure Works Inventory-AW099 15","Entity-InventoryInformation-Adventure Works Inventory-AW075 03-64","Entity-InventoryInformation-Adventure Works Inventory-AW045 03-58","Entity-InventoryInformation-Adventure Works Inventory-AW114 06-24","Entity-InventoryInformation-Adventure Works Inventory-22565422120-010","Entity-InventoryInformation-Adventure Works Inventory-22565422120-020","Entity-InventoryInformation-Adventure Works Inventory-22565422120-025","Entity-InventoryInformation-Adventure Works Inventory-22565422120-050","Entity-InventoryInformation-Adventure Works Inventory-22565422120-100"]},"RelationshipType":"InventorySetToInventoryInformation"}]}