{"$type":"System.Collections.Generic.List`1[[Sitecore.Commerce.Plugin.Catalog.Category, Sitecore.Commerce.Plugin.Catalog]], mscorlib","$values":[{"$type":"Sitecore.Commerce.Plugin.Catalog.Category, Sitecore.Commerce.Plugin.Catalog","Description":"","SitecoreId":"2cfd42ad-7e53-d5e5-66e6-43b47ec243ac","ParentCatalogList":"59ddadc1-9b88-727e-9e14-3f6cf321ae0f","ParentCategoryList":"8e456d84-4251-dba1-4b86-ce103dedcd02","ChildrenSellableItemList":"ba349a7d-2b04-b718-6d44-38cb801f261d|4d8ab438-8922-aa3e-3bca-81ffabd68ca0|ac8d258a-2696-c71e-75b4-baa62165073f|7e5e9368-32b0-0763-35ef-71c71e8ff616|bdd26d6c-3c54-33e7-e623-fc654444a5aa|6d8fb7a7-516b-5fd8-2e22-d0ff51191132","IsBundle":false,"Components":{"$type":"System.Collections.Generic.List`1[[Sitecore.Commerce.Core.Component, Sitecore.Commerce.Core]], mscorlib","$values":[{"$type":"Sitecore.Commerce.Plugin.Catalog.CatalogsComponent, Sitecore.Commerce.Plugin.Catalog","Id":"f47a2be9c0d14c3893dfd446a05bdfad","Name":"","Comments":"","Policies":{"$type":"System.Collections.Generic.List`1[[Sitecore.Commerce.Core.Policy, Sitecore.Commerce.Core]], mscorlib","$values":[]},"ChildComponents":{"$type":"System.Collections.Generic.List`1[[Sitecore.Commerce.Core.Component, Sitecore.Commerce.Core]], mscorlib","$values":[{"$type":"Sitecore.Commerce.Plugin.Catalog.CatalogComponent, Sitecore.Commerce.Plugin.Catalog","ItemDefinition":"","Id":"ec6343582d154c43b8a51c6bbdfb2640","Name":"Habitat_Master","Comments":"","Policies":{"$type":"System.Collections.Generic.List`1[[Sitecore.Commerce.Core.Policy, Sitecore.Commerce.Core]], mscorlib","$values":[]},"ChildComponents":{"$type":"System.Collections.Generic.List`1[[Sitecore.Commerce.Core.Component, Sitecore.Commerce.Core]], mscorlib","$values":[]}}]}},{"$type":"Sitecore.Commerce.Core.MessagesComponent, Sitecore.Commerce.Core","Messages":{"$type":"System.Collections.Generic.List`1[[Sitecore.Commerce.Core.MessageModel, Sitecore.Commerce.Core]], mscorlib","$values":[{"$type":"Sitecore.Commerce.Core.MessageModel, Sitecore.Commerce.Core","Code":"MigrationMessage","Text":"Migrated from category with name='Other Phones' in catalog 'Habitat_Master'","Id":"1d1812910c224a6fb82838bc5a2cf3ea"}]},"Id":"f29a3e6b80fc4b25881b7764fcc42bec","Name":"","Comments":"","Policies":{"$type":"System.Collections.Generic.List`1[[Sitecore.Commerce.Core.Policy, Sitecore.Commerce.Core]], mscorlib","$values":[]},"ChildComponents":{"$type":"System.Collections.Generic.List`1[[Sitecore.Commerce.Core.Component, Sitecore.Commerce.Core]], mscorlib","$values":[]}}]},"DateCreated":"2020-05-13T18:44:02.3152206+00:00","DateUpdated":"2017-02-14T22:24:28+00:00","DisplayName":"Other Phones","FriendlyId":"Habitat_Master-Other Phones","Id":"Entity-Category-Habitat_Master-Other Phones","Version":0,"EntityVersion":1,"Published":true,"IsPersisted":false,"Name":"Other Phones","UniqueId":"00000000-0000-0000-0000-000000000000","Policies":{"$type":"System.Collections.Generic.List`1[[Sitecore.Commerce.Core.Policy, Sitecore.Commerce.Core]], mscorlib","$values":[]}},{"$type":"Sitecore.Commerce.Plugin.Catalog.Category, Sitecore.Commerce.Plugin.Catalog","Description":"","SitecoreId":"3198ffe4-83d3-a856-6964-62a6a2e9b488","ParentCatalogList":"59ddadc1-9b88-727e-9e14-3f6cf321ae0f","ParentCategoryList":"8e456d84-4251-dba1-4b86-ce103dedcd02","ChildrenSellableItemList":"528fe976-ce08-4573-e8c5-d377d528fe3b|1bdc1612-167b-a4ea-e186-f6e5c5ffd0ec|4611566c-587e-64df-43f8-4c4033c6441a|af88fbec-fd51-6c74-7dc1-ed5476b8f941|7b679716-0a1a-2beb-af45-f900735b2470|4682a728-f866-5b74-f885-bccbb9ab476c|c6553043-9ec4-2769-629f-a1fcec3d527f","IsBundle":false,"Components":{"$type":"System.Collections.Generic.List`1[[Sitecore.Commerce.Core.Component, Sitecore.Commerce.Core]], mscorlib","$values":[{"$type":"Sitecore.Commerce.Plugin.Catalog.CatalogsComponent, Sitecore.Commerce.Plugin.Catalog","Id":"b8cf59d00d1e48188e98b64fdb3bd14d","Name":"","Comments":"","Policies":{"$type":"System.Collections.Generic.List`1[[Sitecore.Commerce.Core.Policy, Sitecore.Commerce.Core]], mscorlib","$values":[]},"ChildComponents":{"$type":"System.Collections.Generic.List`1[[Sitecore.Commerce.Core.Component, Sitecore.Commerce.Core]], mscorlib","$values":[{"$type":"Sitecore.Commerce.Plugin.Catalog.CatalogComponent, Sitecore.Commerce.Plugin.Catalog","ItemDefinition":"","Id":"e89fa2ebc1904c4f86d9e2c26f39c987","Name":"Habitat_Master","Comments":"","Policies":{"$type":"System.Collections.Generic.List`1[[Sitecore.Commerce.Core.Policy, Sitecore.Commerce.Core]], mscorlib","$values":[]},"ChildComponents":{"$type":"System.Collections.Generic.List`1[[Sitecore.Commerce.Core.Component, Sitecore.Commerce.Core]], mscorlib","$values":[]}}]}},{"$type":"Sitecore.Commerce.Core.MessagesComponent, Sitecore.Commerce.Core","Messages":{"$type":"System.Collections.Generic.List`1[[Sitecore.Commerce.Core.MessageModel, Sitecore.Commerce.Core]], mscorlib","$values":[{"$type":"Sitecore.Commerce.Core.MessageModel, Sitecore.Commerce.Core","Code":"MigrationMessage","Text":"Migrated from category with name='Smartphone Cases' in catalog 'Habitat_Master'","Id":"0dcecdd0915c4f78984cd116cb970bea"}]},"Id":"2d1e8d9111174701af72e6f5a8a67452","Name":"","Comments":"","Policies":{"$type":"System.Collections.Generic.List`1[[Sitecore.Commerce.Core.Policy, Sitecore.Commerce.Core]], mscorlib","$values":[]},"ChildComponents":{"$type":"System.Collections.Generic.List`1[[Sitecore.Commerce.Core.Component, Sitecore.Commerce.Core]], mscorlib","$values":[]}}]},"DateCreated":"2020-05-13T18:44:02.3217214+00:00","DateUpdated":"2017-02-14T22:24:28+00:00","DisplayName":"Smartphone Cases","FriendlyId":"Habitat_Master-Smartphone Cases","Id":"Entity-Category-Habitat_Master-Smartphone Cases","Version":0,"EntityVersion":1,"Published":true,"IsPersisted":false,"Name":"Smartphone Cases","UniqueId":"00000000-0000-0000-0000-000000000000","Policies":{"$type":"System.Collections.Generic.List`1[[Sitecore.Commerce.Core.Policy, Sitecore.Commerce.Core]], mscorlib","$values":[]}},{"$type":"Sitecore.Commerce.Plugin.Catalog.Category, Sitecore.Commerce.Plugin.Catalog","Description":"","SitecoreId":"2bb3dc73-126b-2819-a630-c91dd564ed68","ParentCatalogList":"59ddadc1-9b88-727e-9e14-3f6cf321ae0f","ParentCategoryList":"8e456d84-4251-dba1-4b86-ce103dedcd02","ChildrenSellableItemList":"a48b10e7-1c42-55b5-44d2-0801c18b4d09|51e9a9bc-8385-86a6-bdb7-07b107a6a631|c1936d7b-12cb-2245-34f8-e7370d807007|d9b7fc37-4125-79cb-6e9b-2314b3e46554|30feb837-f83f-10d0-514a-dcec9bf8a21a|4a6404a3-139a-2aac-739e-d79779251607|cddca9d9-68f3-7da8-8166-bf7a26a476d2|817becb1-2193-76a6-e7ea-7e0d290bd711|fe67af6f-00e1-2fcc-2c31-a5637fb4032b|8cd98330-4d76-e0d4-ae90-741e151310fe|dabaf6b2-6f8b-5d8d-a9d1-fa1c33bb5ad8|5df5eb62-4226-249b-fe92-4e4bec2eb284|fc1fc8d4-f5f0-78b2-7564-68fe71a81a4d|25aecd4a-390d-9a7c-32fb-9d89b7759d26|bb06dc3f-6d74-abab-a4b3-729c5deb18a9|458cc8a9-7736-b414-a7f0-69347d6f37ff|e0f9dfc9-808c-4ba2-e975-af246f30655f|bf5c0bce-7ae3-f1d4-67fe-b039aff6ad13|7fcf80a8-67a2-c8a8-e0df-8267f1ddebaa|ebdde3ca-86c7-557c-34c1-4cd03e8d55ec|b0ee8c88-f1b7-50e0-4efd-30fbfed75901","IsBundle":false,"Components":{"$type":"System.Collections.Generic.List`1[[Sitecore.Commerce.Core.Component, Sitecore.Commerce.Core]], mscorlib","$values":[{"$type":"Sitecore.Commerce.Plugin.Catalog.CatalogsComponent, Sitecore.Commerce.Plugin.Catalog","Id":"77c6e3a108964000bc390e8e12efe906","Name":"","Comments":"","Policies":{"$type":"System.Collections.Generic.List`1[[Sitecore.Commerce.Core.Policy, Sitecore.Commerce.Core]], mscorlib","$values":[]},"ChildComponents":{"$type":"System.Collections.Generic.List`1[[Sitecore.Commerce.Core.Component, Sitecore.Commerce.Core]], mscorlib","$values":[{"$type":"Sitecore.Commerce.Plugin.Catalog.CatalogComponent, Sitecore.Commerce.Plugin.Catalog","ItemDefinition":"","Id":"12cb19f2b354448db635a4e1276759c2","Name":"Habitat_Master","Comments":"","Policies":{"$type":"System.Collections.Generic.List`1[[Sitecore.Commerce.Core.Policy, Sitecore.Commerce.Core]], mscorlib","$values":[]},"ChildComponents":{"$type":"System.Collections.Generic.List`1[[Sitecore.Commerce.Core.Component, Sitecore.Commerce.Core]], mscorlib","$values":[]}}]}},{"$type":"Sitecore.Commerce.Core.MessagesComponent, Sitecore.Commerce.Core","Messages":{"$type":"System.Collections.Generic.List`1[[Sitecore.Commerce.Core.MessageModel, Sitecore.Commerce.Core]], mscorlib","$values":[{"$type":"Sitecore.Commerce.Core.MessageModel, Sitecore.Commerce.Core","Code":"MigrationMessage","Text":"Migrated from category with name='Smartphone Accessories' in catalog 'Habitat_Master'","Id":"955ba0c1a5a64cabb93c567abe8f7b85"}]},"Id":"582debfc1cce414abae6755951d996aa","Name":"","Comments":"","Policies":{"$type":"System.Collections.Generic.List`1[[Sitecore.Commerce.Core.Policy, Sitecore.Commerce.Core]], mscorlib","$values":[]},"ChildComponents":{"$type":"System.Collections.Generic.List`1[[Sitecore.Commerce.Core.Component, Sitecore.Commerce.Core]], mscorlib","$values":[]}}]},"DateCreated":"2020-05-13T18:44:02.3257191+00:00","DateUpdated":"2017-02-14T22:24:28+00:00","DisplayName":"Smartphone Accessories","FriendlyId":"Habitat_Master-Smartphone Accessories","Id":"Entity-Category-Habitat_Master-Smartphone Accessories","Version":0,"EntityVersion":1,"Published":true,"IsPersisted":false,"Name":"Smartphone Accessories","UniqueId":"00000000-0000-0000-0000-000000000000","Policies":{"$type":"System.Collections.Generic.List`1[[Sitecore.Commerce.Core.Policy, Sitecore.Commerce.Core]], mscorlib","$values":[]}},{"$type":"Sitecore.Commerce.Plugin.Catalog.Category, Sitecore.Commerce.Plugin.Catalog","Description":"","SitecoreId":"9c13fb93-c115-34ea-e2a1-6d4f315591ed","ParentCatalogList":"59ddadc1-9b88-727e-9e14-3f6cf321ae0f","ParentCategoryList":"b893c063-6238-ed57-700d-72862c56038d","ChildrenCategoryList":"3a3977f3-ba7d-85c1-e4d8-1223768be4fa|7d092f69-5d0c-b75f-fd8e-2fcd1858c42d|78f8a405-5518-6926-d1f7-cbe8b2ac1975|582ce5a6-06b8-3569-5777-c40b65801619|62af25fe-3bfc-7ba4-80f6-fcd1039b119e|526cffae-176c-49cf-cf7e-e0c0bd92b6ca","ChildrenSellableItemList":"d7fb762b-1eb5-c9d1-58b4-d8f04e7f67ad|376d89db-dcc6-b39e-3ade-09cf67588e35|c16a549c-7515-4a61-57ab-610412e710ad|c3a1b01e-9706-593e-b835-3f5e7d851bfd|808fccec-5127-922f-e3ba-df5fb0a4f566|70a543fb-4ffa-1b88-d8c2-5eab29ac4ed0|f6f73897-6201-2fa5-8b6e-0c39342e2cf0|8ed4a1f2-2ccc-8acb-2ec9-49196961ec7f|4ed0e463-0f7d-c8ed-444c-397239355248|8743662c-e372-f0e1-6c45-f2fde908d4d3|6c036e94-d216-a3bc-c490-7e2e731cc2b8|af353da6-f042-b42a-7c93-4f613d4fdea9|c6f5ae51-d1bb-fbdf-ef90-2023f8a4ede8|99dca27b-d9b3-47b6-acd4-82a8760c194d|29e4e20f-988a-e7da-554f-8adac1e150d7|9f3b131c-cc8c-84cd-a74b-e03d79e37e9d|d37c153e-c33e-0ffc-7eca-88f7c7c8957a|5f5f0292-1836-4d00-25f0-934ec5bc8c03|120bb240-103a-2737-c6c7-bcf3f04f6d25|c0706d5e-d594-c795-1aa3-ff5249e66481|db255618-f365-30f7-cc01-98e7d0ce93e1|e619a0ab-697b-af30-e4dc-e683de7ed08e|50bcae09-fd1b-4d94-10eb-f91d7667d77d|f00e7505-49a6-2f16-6565-c75bf20278d5|f15a5e05-dc87-3c75-bf10-47488c7d5cb5|83553663-cccf-5355-9e40-fa78e118f98c|3bed2fda-388d-21f3-81ea-85455f3c0143|4e286eeb-f39c-b27a-5ff2-b4fd9ad6422e|0fc6f454-6b82-0e57-9747-4d53e9c26f68|028c7072-b6a5-cc81-5e75-17e4d4ecf09c|3ccbd90a-4aff-e68b-be46-4891a570f1f9|13275468-9d8e-baba-b5a1-f96eee2c919a|7ef326c5-4fb7-a86f-1f9e-0b0a615ec55f|9df84cdc-adfa-f5c8-849c-0fcc47163b1c|1ad6d690-cd63-e551-fe72-59988ee06607","IsBundle":false,"Components":{"$type":"System.Collections.Generic.List`1[[Sitecore.Commerce.Core.Component, Sitecore.Commerce.Core]], mscorlib","$values":[{"$type":"Sitecore.Commerce.Plugin.Catalog.CatalogsComponent, Sitecore.Commerce.Plugin.Catalog","Id":"ec2adb01ad834b3096788052e63f809d","Name":"","Comments":"","Policies":{"$type":"System.Collections.Generic.List`1[[Sitecore.Commerce.Core.Policy, Sitecore.Commerce.Core]], mscorlib","$values":[]},"ChildComponents":{"$type":"System.Collections.Generic.List`1[[Sitecore.Commerce.Core.Component, Sitecore.Commerce.Core]], mscorlib","$values":[{"$type":"Sitecore.Commerce.Plugin.Catalog.CatalogComponent, Sitecore.Commerce.Plugin.Catalog","ItemDefinition":"","Id":"816c8269150a4f37ab6d9c86479fa5d5","Name":"Habitat_Master","Comments":"","Policies":{"$type":"System.Collections.Generic.List`1[[Sitecore.Commerce.Core.Policy, Sitecore.Commerce.Core]], mscorlib","$values":[]},"ChildComponents":{"$type":"System.Collections.Generic.List`1[[Sitecore.Commerce.Core.Component, Sitecore.Commerce.Core]], mscorlib","$values":[]}}]}},{"$type":"Sitecore.Commerce.Core.MessagesComponent, Sitecore.Commerce.Core","Messages":{"$type":"System.Collections.Generic.List`1[[Sitecore.Commerce.Core.MessageModel, Sitecore.Commerce.Core]], mscorlib","$values":[{"$type":"Sitecore.Commerce.Core.MessageModel, Sitecore.Commerce.Core","Code":"MigrationMessage","Text":"Migrated from category with name='Televisions' in catalog 'Habitat_Master'","Id":"d830d4273dc84b7aaac850d3bcabcffd"}]},"Id":"61b5d4e02fbd46c6ab104d90005a6970","Name":"","Comments":"","Policies":{"$type":"System.Collections.Generic.List`1[[Sitecore.Commerce.Core.Policy, Sitecore.Commerce.Core]], mscorlib","$values":[]},"ChildComponents":{"$type":"System.Collections.Generic.List`1[[Sitecore.Commerce.Core.Component, Sitecore.Commerce.Core]], mscorlib","$values":[]}}]},"DateCreated":"2020-05-13T18:44:02.3337188+00:00","DateUpdated":"2017-02-14T22:24:29+00:00","DisplayName":"Televisions","FriendlyId":"Habitat_Master-Televisions","Id":"Entity-Category-Habitat_Master-Televisions","Version":0,"EntityVersion":1,"Published":true,"IsPersisted":false,"Name":"Televisions","UniqueId":"00000000-0000-0000-0000-000000000000","Policies":{"$type":"System.Collections.Generic.List`1[[Sitecore.Commerce.Core.Policy, Sitecore.Commerce.Core]], mscorlib","$values":[]}},{"$type":"Sitecore.Commerce.Plugin.Catalog.Category, Sitecore.Commerce.Plugin.Catalog","Description":"","SitecoreId":"3a3977f3-ba7d-85c1-e4d8-1223768be4fa","ParentCatalogList":"59ddadc1-9b88-727e-9e14-3f6cf321ae0f","ParentCategoryList":"9c13fb93-c115-34ea-e2a1-6d4f315591ed","ChildrenSellableItemList":"d7fb762b-1eb5-c9d1-58b4-d8f04e7f67ad|376d89db-dcc6-b39e-3ade-09cf67588e35|c16a549c-7515-4a61-57ab-610412e710ad|c3a1b01e-9706-593e-b835-3f5e7d851bfd|808fccec-5127-922f-e3ba-df5fb0a4f566","IsBundle":false,"Components":{"$type":"System.Collections.Generic.List`1[[Sitecore.Commerce.Core.Component, Sitecore.Commerce.Core]], mscorlib","$values":[{"$type":"Sitecore.Commerce.Plugin.Catalog.CatalogsComponent, Sitecore.Commerce.Plugin.Catalog","Id":"3ef289294f5546a3ac301974a8d48467","Name":"","Comments":"","Policies":{"$type":"System.Collections.Generic.List`1[[Sitecore.Commerce.Core.Policy, Sitecore.Commerce.Core]], mscorlib","$values":[]},"ChildComponents":{"$type":"System.Collections.Generic.List`1[[Sitecore.Commerce.Core.Component, Sitecore.Commerce.Core]], mscorlib","$values":[{"$type":"Sitecore.Commerce.Plugin.Catalog.CatalogComponent, Sitecore.Commerce.Plugin.Catalog","ItemDefinition":"","Id":"d61a36059f6f4586abc09cf17acdbadf","Name":"Habitat_Master","Comments":"","Policies":{"$type":"System.Collections.Generic.List`1[[Sitecore.Commerce.Core.Policy, Sitecore.Commerce.Core]], mscorlib","$values":[]},"ChildComponents":{"$type":"System.Collections.Generic.List`1[[Sitecore.Commerce.Core.Component, Sitecore.Commerce.Core]], mscorlib","$values":[]}}]}},{"$type":"Sitecore.Commerce.Core.MessagesComponent, Sitecore.Commerce.Core","Messages":{"$type":"System.Collections.Generic.List`1[[Sitecore.Commerce.Core.MessageModel, Sitecore.Commerce.Core]], mscorlib","$values":[{"$type":"Sitecore.Commerce.Core.MessageModel, Sitecore.Commerce.Core","Code":"MigrationMessage","Text":"Migrated from category with name='4K' in catalog 'Habitat_Master'","Id":"45352617f81e4d3a8cbad7c7f799c1b5"}]},"Id":"ff04964217214d209015404043b077f7","Name":"","Comments":"","Policies":{"$type":"System.Collections.Generic.List`1[[Sitecore.Commerce.Core.Policy, Sitecore.Commerce.Core]], mscorlib","$values":[]},"ChildComponents":{"$type":"System.Collections.Generic.List`1[[Sitecore.Commerce.Core.Component, Sitecore.Commerce.Core]], mscorlib","$values":[]}}]},"DateCreated":"2020-05-13T18:44:02.3337188+00:00","DateUpdated":"2017-02-14T22:24:29+00:00","DisplayName":"4K","FriendlyId":"Habitat_Master-4K","Id":"Entity-Category-Habitat_Master-4K","Version":0,"EntityVersion":1,"Published":true,"IsPersisted":false,"Name":"4K","UniqueId":"00000000-0000-0000-0000-000000000000","Policies":{"$type":"System.Collections.Generic.List`1[[Sitecore.Commerce.Core.Policy, Sitecore.Commerce.Core]], mscorlib","$values":[]}},{"$type":"Sitecore.Commerce.Plugin.Catalog.Category, Sitecore.Commerce.Plugin.Catalog","Description":"","SitecoreId":"7d092f69-5d0c-b75f-fd8e-2fcd1858c42d","ParentCatalogList":"59ddadc1-9b88-727e-9e14-3f6cf321ae0f","ParentCategoryList":"9c13fb93-c115-34ea-e2a1-6d4f315591ed","ChildrenSellableItemList":"70a543fb-4ffa-1b88-d8c2-5eab29ac4ed0|f6f73897-6201-2fa5-8b6e-0c39342e2cf0|8ed4a1f2-2ccc-8acb-2ec9-49196961ec7f|4ed0e463-0f7d-c8ed-444c-397239355248|8743662c-e372-f0e1-6c45-f2fde908d4d3|6c036e94-d216-a3bc-c490-7e2e731cc2b8","IsBundle":false,"Components":{"$type":"System.Collections.Generic.List`1[[Sitecore.Commerce.Core.Component, Sitecore.Commerce.Core]], mscorlib","$values":[{"$type":"Sitecore.Commerce.Plugin.Catalog.CatalogsComponent, Sitecore.Commerce.Plugin.Catalog","Id":"9bf74a3ef96a4daebddaa9f9d53f6de6","Name":"","Comments":"","Policies":{"$type":"System.Collections.Generic.List`1[[Sitecore.Commerce.Core.Policy, Sitecore.Commerce.Core]], mscorlib","$values":[]},"ChildComponents":{"$type":"System.Collections.Generic.List`1[[Sitecore.Commerce.Core.Component, Sitecore.Commerce.Core]], mscorlib","$values":[{"$type":"Sitecore.Commerce.Plugin.Catalog.CatalogComponent, Sitecore.Commerce.Plugin.Catalog","ItemDefinition":"","Id":"1dff689ac45948bc98018d58915cfbe3","Name":"Habitat_Master","Comments":"","Policies":{"$type":"System.Collections.Generic.List`1[[Sitecore.Commerce.Core.Policy, Sitecore.Commerce.Core]], mscorlib","$values":[]},"ChildComponents":{"$type":"System.Collections.Generic.List`1[[Sitecore.Commerce.Core.Component, Sitecore.Commerce.Core]], mscorlib","$values":[]}}]}},{"$type":"Sitecore.Commerce.Core.MessagesComponent, Sitecore.Commerce.Core","Messages":{"$type":"System.Collections.Generic.List`1[[Sitecore.Commerce.Core.MessageModel, Sitecore.Commerce.Core]], mscorlib","$values":[{"$type":"Sitecore.Commerce.Core.MessageModel, Sitecore.Commerce.Core","Code":"MigrationMessage","Text":"Migrated from category with name='4K with HDR' in catalog 'Habitat_Master'","Id":"568ed8fc70064828889f8552b1469679"}]},"Id":"85301731676d46e7bbffe0be546f51a0","Name":"","Comments":"","Policies":{"$type":"System.Collections.Generic.List`1[[Sitecore.Commerce.Core.Policy, Sitecore.Commerce.Core]], mscorlib","$values":[]},"ChildComponents":{"$type":"System.Collections.Generic.List`1[[Sitecore.Commerce.Core.Component, Sitecore.Commerce.Core]], mscorlib","$values":[]}}]},"DateCreated":"2020-05-13T18:44:02.3352187+00:00","DateUpdated":"2017-02-14T22:24:29+00:00","DisplayName":"4K with HDR","FriendlyId":"Habitat_Master-4K with HDR","Id":"Entity-Category-Habitat_Master-4K with HDR","Version":0,"EntityVersion":1,"Published":true,"IsPersisted":false,"Name":"4K with HDR","UniqueId":"00000000-0000-0000-0000-000000000000","Policies":{"$type":"System.Collections.Generic.List`1[[Sitecore.Commerce.Core.Policy, Sitecore.Commerce.Core]], mscorlib","$values":[]}},{"$type":"Sitecore.Commerce.Plugin.Catalog.Category, Sitecore.Commerce.Plugin.Catalog","Description":"","SitecoreId":"78f8a405-5518-6926-d1f7-cbe8b2ac1975","ParentCatalogList":"59ddadc1-9b88-727e-9e14-3f6cf321ae0f","ParentCategoryList":"9c13fb93-c115-34ea-e2a1-6d4f315591ed","ChildrenSellableItemList":"af353da6-f042-b42a-7c93-4f613d4fdea9|c6f5ae51-d1bb-fbdf-ef90-2023f8a4ede8|99dca27b-d9b3-47b6-acd4-82a8760c194d|29e4e20f-988a-e7da-554f-8adac1e150d7|9f3b131c-cc8c-84cd-a74b-e03d79e37e9d|d37c153e-c33e-0ffc-7eca-88f7c7c8957a|5f5f0292-1836-4d00-25f0-934ec5bc8c03|120bb240-103a-2737-c6c7-bcf3f04f6d25|c0706d5e-d594-c795-1aa3-ff5249e66481|db255618-f365-30f7-cc01-98e7d0ce93e1","IsBundle":false,"Components":{"$type":"System.Collections.Generic.List`1[[Sitecore.Commerce.Core.Component, Sitecore.Commerce.Core]], mscorlib","$values":[{"$type":"Sitecore.Commerce.Plugin.Catalog.CatalogsComponent, Sitecore.Commerce.Plugin.Catalog","Id":"3e1be9a2f7e341acbd0eae9160655690","Name":"","Comments":"","Policies":{"$type":"System.Collections.Generic.List`1[[Sitecore.Commerce.Core.Policy, Sitecore.Commerce.Core]], mscorlib","$values":[]},"ChildComponents":{"$type":"System.Collections.Generic.List`1[[Sitecore.Commerce.Core.Component, Sitecore.Commerce.Core]], mscorlib","$values":[{"$type":"Sitecore.Commerce.Plugin.Catalog.CatalogComponent, Sitecore.Commerce.Plugin.Catalog","ItemDefinition":"","Id":"cc9cd3fb70444bf19dc328997869b678","Name":"Habitat_Master","Comments":"","Policies":{"$type":"System.Collections.Generic.List`1[[Sitecore.Commerce.Core.Policy, Sitecore.Commerce.Core]], mscorlib","$values":[]},"ChildComponents":{"$type":"System.Collections.Generic.List`1[[Sitecore.Commerce.Core.Component, Sitecore.Commerce.Core]], mscorlib","$values":[]}}]}},{"$type":"Sitecore.Commerce.Core.MessagesComponent, Sitecore.Commerce.Core","Messages":{"$type":"System.Collections.Generic.List`1[[Sitecore.Commerce.Core.MessageModel, Sitecore.Commerce.Core]], mscorlib","$values":[{"$type":"Sitecore.Commerce.Core.MessageModel, Sitecore.Commerce.Core","Code":"MigrationMessage","Text":"Migrated from category with name='HDTV' in catalog 'Habitat_Master'","Id":"b1940dd3cabe43dca90acce46d376ac1"}]},"Id":"962a8ae5bf2748cbbaf0d4d478575101","Name":"","Comments":"","Policies":{"$type":"System.Collections.Generic.List`1[[Sitecore.Commerce.Core.Policy, Sitecore.Commerce.Core]], mscorlib","$values":[]},"ChildComponents":{"$type":"System.Collections.Generic.List`1[[Sitecore.Commerce.Core.Component, Sitecore.Commerce.Core]], mscorlib","$values":[]}}]},"DateCreated":"2020-05-13T18:44:02.3372233+00:00","DateUpdated":"2017-02-14T22:24:30+00:00","DisplayName":"HDTV","FriendlyId":"Habitat_Master-HDTV","Id":"Entity-Category-Habitat_Master-HDTV","Version":0,"EntityVersion":1,"Published":true,"IsPersisted":false,"Name":"HDTV","UniqueId":"00000000-0000-0000-0000-000000000000","Policies":{"$type":"System.Collections.Generic.List`1[[Sitecore.Commerce.Core.Policy, Sitecore.Commerce.Core]], mscorlib","$values":[]}},{"$type":"Sitecore.Commerce.Plugin.Catalog.Category, Sitecore.Commerce.Plugin.Catalog","Description":"","SitecoreId":"582ce5a6-06b8-3569-5777-c40b65801619","ParentCatalogList":"59ddadc1-9b88-727e-9e14-3f6cf321ae0f","ParentCategoryList":"9c13fb93-c115-34ea-e2a1-6d4f315591ed","ChildrenSellableItemList":"e619a0ab-697b-af30-e4dc-e683de7ed08e|50bcae09-fd1b-4d94-10eb-f91d7667d77d|f00e7505-49a6-2f16-6565-c75bf20278d5|f15a5e05-dc87-3c75-bf10-47488c7d5cb5","IsBundle":false,"Components":{"$type":"System.Collections.Generic.List`1[[Sitecore.Commerce.Core.Component, Sitecore.Commerce.Core]], mscorlib","$values":[{"$type":"Sitecore.Commerce.Plugin.Catalog.CatalogsComponent, Sitecore.Commerce.Plugin.Catalog","Id":"9bb5edf2b1c144459a15c30795644501","Name":"","Comments":"","Policies":{"$type":"System.Collections.Generic.List`1[[Sitecore.Commerce.Core.Policy, Sitecore.Commerce.Core]], mscorlib","$values":[]},"ChildComponents":{"$type":"System.Collections.Generic.List`1[[Sitecore.Commerce.Core.Component, Sitecore.Commerce.Core]], mscorlib","$values":[{"$type":"Sitecore.Commerce.Plugin.Catalog.CatalogComponent, Sitecore.Commerce.Plugin.Catalog","ItemDefinition":"","Id":"8a46d02c83d5410f991a7ebfe7a08d43","Name":"Habitat_Master","Comments":"","Policies":{"$type":"System.Collections.Generic.List`1[[Sitecore.Commerce.Core.Policy, Sitecore.Commerce.Core]], mscorlib","$values":[]},"ChildComponents":{"$type":"System.Collections.Generic.List`1[[Sitecore.Commerce.Core.Component, Sitecore.Commerce.Core]], mscorlib","$values":[]}}]}},{"$type":"Sitecore.Commerce.Core.MessagesComponent, Sitecore.Commerce.Core","Messages":{"$type":"System.Collections.Generic.List`1[[Sitecore.Commerce.Core.MessageModel, Sitecore.Commerce.Core]], mscorlib","$values":[{"$type":"Sitecore.Commerce.Core.MessageModel, Sitecore.Commerce.Core","Code":"MigrationMessage","Text":"Migrated from category with name='Curved UHD TVs' in catalog 'Habitat_Master'","Id":"4f7f6f82f17649e0b79df5f648f23760"}]},"Id":"9b25a80a398148be8d7122cb015bdad1","Name":"","Comments":"","Policies":{"$type":"System.Collections.Generic.List`1[[Sitecore.Commerce.Core.Policy, Sitecore.Commerce.Core]], mscorlib","$values":[]},"ChildComponents":{"$type":"System.Collections.Generic.List`1[[Sitecore.Commerce.Core.Component, Sitecore.Commerce.Core]], mscorlib","$values":[]}}]},"DateCreated":"2020-05-13T18:44:02.3412225+00:00","DateUpdated":"2017-02-14T22:24:30+00:00","DisplayName":"Curved UHD TVs","FriendlyId":"Habitat_Master-Curved UHD TVs","Id":"Entity-Category-Habitat_Master-Curved UHD TVs","Version":0,"EntityVersion":1,"Published":true,"IsPersisted":false,"Name":"Curved UHD TVs","UniqueId":"00000000-0000-0000-0000-000000000000","Policies":{"$type":"System.Collections.Generic.List`1[[Sitecore.Commerce.Core.Policy, Sitecore.Commerce.Core]], mscorlib","$values":[]}},{"$type":"Sitecore.Commerce.Plugin.Catalog.Category, Sitecore.Commerce.Plugin.Catalog","Description":"","SitecoreId":"62af25fe-3bfc-7ba4-80f6-fcd1039b119e","ParentCatalogList":"59ddadc1-9b88-727e-9e14-3f6cf321ae0f","ParentCategoryList":"9c13fb93-c115-34ea-e2a1-6d4f315591ed","ChildrenSellableItemList":"83553663-cccf-5355-9e40-fa78e118f98c|3bed2fda-388d-21f3-81ea-85455f3c0143|4e286eeb-f39c-b27a-5ff2-b4fd9ad6422e|0fc6f454-6b82-0e57-9747-4d53e9c26f68|028c7072-b6a5-cc81-5e75-17e4d4ecf09c|3ccbd90a-4aff-e68b-be46-4891a570f1f9","IsBundle":false,"Components":{"$type":"System.Collections.Generic.List`1[[Sitecore.Commerce.Core.Component, Sitecore.Commerce.Core]], mscorlib","$values":[{"$type":"Sitecore.Commerce.Plugin.Catalog.CatalogsComponent, Sitecore.Commerce.Plugin.Catalog","Id":"3f7e55a5daa74abe97b57403a996b998","Name":"","Comments":"","Policies":{"$type":"System.Collections.Generic.List`1[[Sitecore.Commerce.Core.Policy, Sitecore.Commerce.Core]], mscorlib","$values":[]},"ChildComponents":{"$type":"System.Collections.Generic.List`1[[Sitecore.Commerce.Core.Component, Sitecore.Commerce.Core]], mscorlib","$values":[{"$type":"Sitecore.Commerce.Plugin.Catalog.CatalogComponent, Sitecore.Commerce.Plugin.Catalog","ItemDefinition":"","Id":"c16813e367444bf881509adc34a63041","Name":"Habitat_Master","Comments":"","Policies":{"$type":"System.Collections.Generic.List`1[[Sitecore.Commerce.Core.Policy, Sitecore.Commerce.Core]], mscorlib","$values":[]},"ChildComponents":{"$type":"System.Collections.Generic.List`1[[Sitecore.Commerce.Core.Component, Sitecore.Commerce.Core]], mscorlib","$values":[]}}]}},{"$type":"Sitecore.Commerce.Core.MessagesComponent, Sitecore.Commerce.Core","Messages":{"$type":"System.Collections.Generic.List`1[[Sitecore.Commerce.Core.MessageModel, Sitecore.Commerce.Core]], mscorlib","$values":[{"$type":"Sitecore.Commerce.Core.MessageModel, Sitecore.Commerce.Core","Code":"MigrationMessage","Text":"Migrated from category with name='Smart TVs' in catalog 'Habitat_Master'","Id":"ff710f454f2e4baa975fa81dfbd6f7b9"}]},"Id":"f42984b2d2ab47f1bd3cf5eca1809269","Name":"","Comments":"","Policies":{"$type":"System.Collections.Generic.List`1[[Sitecore.Commerce.Core.Policy, Sitecore.Commerce.Core]], mscorlib","$values":[]},"ChildComponents":{"$type":"System.Collections.Generic.List`1[[Sitecore.Commerce.Core.Component, Sitecore.Commerce.Core]], mscorlib","$values":[]}}]},"DateCreated":"2020-05-13T18:44:02.342222+00:00","DateUpdated":"2017-02-14T22:24:30+00:00","DisplayName":"Smart TVs","FriendlyId":"Habitat_Master-Smart TVs","Id":"Entity-Category-Habitat_Master-Smart TVs","Version":0,"EntityVersion":1,"Published":true,"IsPersisted":false,"Name":"Smart TVs","UniqueId":"00000000-0000-0000-0000-000000000000","Policies":{"$type":"System.Collections.Generic.List`1[[Sitecore.Commerce.Core.Policy, Sitecore.Commerce.Core]], mscorlib","$values":[]}},{"$type":"Sitecore.Commerce.Plugin.Catalog.Category, Sitecore.Commerce.Plugin.Catalog","Description":"","SitecoreId":"526cffae-176c-49cf-cf7e-e0c0bd92b6ca","ParentCatalogList":"59ddadc1-9b88-727e-9e14-3f6cf321ae0f","ParentCategoryList":"9c13fb93-c115-34ea-e2a1-6d4f315591ed","ChildrenSellableItemList":"13275468-9d8e-baba-b5a1-f96eee2c919a|7ef326c5-4fb7-a86f-1f9e-0b0a615ec55f|9df84cdc-adfa-f5c8-849c-0fcc47163b1c|1ad6d690-cd63-e551-fe72-59988ee06607","IsBundle":false,"Components":{"$type":"System.Collections.Generic.List`1[[Sitecore.Commerce.Core.Component, Sitecore.Commerce.Core]], mscorlib","$values":[{"$type":"Sitecore.Commerce.Plugin.Catalog.CatalogsComponent, Sitecore.Commerce.Plugin.Catalog","Id":"58810eaa40f54478b702f8f6998bb4f0","Name":"","Comments":"","Policies":{"$type":"System.Collections.Generic.List`1[[Sitecore.Commerce.Core.Policy, Sitecore.Commerce.Core]], mscorlib","$values":[]},"ChildComponents":{"$type":"System.Collections.Generic.List`1[[Sitecore.Commerce.Core.Component, Sitecore.Commerce.Core]], mscorlib","$values":[{"$type":"Sitecore.Commerce.Plugin.Catalog.CatalogComponent, Sitecore.Commerce.Plugin.Catalog","ItemDefinition":"","Id":"c33afe92587e4870ab4ea86b727650bc","Name":"Habitat_Master","Comments":"","Policies":{"$type":"System.Collections.Generic.List`1[[Sitecore.Commerce.Core.Policy, Sitecore.Commerce.Core]], mscorlib","$values":[]},"ChildComponents":{"$type":"System.Collections.Generic.List`1[[Sitecore.Commerce.Core.Component, Sitecore.Commerce.Core]], mscorlib","$values":[]}}]}},{"$type":"Sitecore.Commerce.Core.MessagesComponent, Sitecore.Commerce.Core","Messages":{"$type":"System.Collections.Generic.List`1[[Sitecore.Commerce.Core.MessageModel, Sitecore.Commerce.Core]], mscorlib","$values":[{"$type":"Sitecore.Commerce.Core.MessageModel, Sitecore.Commerce.Core","Code":"MigrationMessage","Text":"Migrated from category with name='3D TVs' in catalog 'Habitat_Master'","Id":"60818ef28a6a45e6aae563c6014b4766"}]},"Id":"ab6958d305424bcd89682854df919cea","Name":"","Comments":"","Policies":{"$type":"System.Collections.Generic.List`1[[Sitecore.Commerce.Core.Policy, Sitecore.Commerce.Core]], mscorlib","$values":[]},"ChildComponents":{"$type":"System.Collections.Generic.List`1[[Sitecore.Commerce.Core.Component, Sitecore.Commerce.Core]], mscorlib","$values":[]}}]},"DateCreated":"2020-05-13T18:44:02.3467214+00:00","DateUpdated":"2017-02-14T22:24:30+00:00","DisplayName":"3D TVs","FriendlyId":"Habitat_Master-3D TVs","Id":"Entity-Category-Habitat_Master-3D TVs","Version":0,"EntityVersion":1,"Published":true,"IsPersisted":false,"Name":"3D TVs","UniqueId":"00000000-0000-0000-0000-000000000000","Policies":{"$type":"System.Collections.Generic.List`1[[Sitecore.Commerce.Core.Policy, Sitecore.Commerce.Core]], mscorlib","$values":[]}}]}