{"$type":"System.Collections.Generic.List`1[[Sitecore.Commerce.Plugin.Catalog.Category, Sitecore.Commerce.Plugin.Catalog]], mscorlib","$values":[{"$type":"Sitecore.Commerce.Plugin.Catalog.Category, Sitecore.Commerce.Plugin.Catalog","Description":"","SitecoreId":"7a8bdb1c-2976-02d7-0541-bf45307ea54a","ParentCatalogList":"59ddadc1-9b88-727e-9e14-3f6cf321ae0f","ParentCategoryList":"e9f2e3a7-0575-0632-b67e-5e65092230c3","ChildrenSellableItemList":"0f297cd8-ba37-5c2c-51ce-9cee009907f9|a5d9ddc2-7166-9fbb-7c7b-e61c47e09f2b|1cb7ba40-e2c9-7802-bfd0-5211b9ebe59d|1f000d3a-7309-0f34-3471-2f1ff3b8ba00|ac52a737-d24e-ab04-ac8e-40c66de96468|675c6faf-3498-dab1-8dae-0cf390d69975|9e2f49c7-d8ec-a7d5-178e-f4f641911acd|8b60cf50-6a65-0387-e46c-ef2b7bcf1f73|0736ef8c-4e6b-b79c-d328-ffed1b87418d|8aebe114-66ed-1918-a829-3f5beec112bd|4123e467-fc5b-d9ed-d855-2a6b341d53c2|f461397d-f475-5e40-114a-e3341ad866e0|5341331f-934e-c0d7-3c3c-cdbc9ca4d398","IsBundle":false,"Components":{"$type":"System.Collections.Generic.List`1[[Sitecore.Commerce.Core.Component, Sitecore.Commerce.Core]], mscorlib","$values":[{"$type":"Sitecore.Commerce.Plugin.Catalog.CatalogsComponent, Sitecore.Commerce.Plugin.Catalog","Id":"e565475939614000bfc40e842b4d05d1","Name":"","Comments":"","Policies":{"$type":"System.Collections.Generic.List`1[[Sitecore.Commerce.Core.Policy, Sitecore.Commerce.Core]], mscorlib","$values":[]},"ChildComponents":{"$type":"System.Collections.Generic.List`1[[Sitecore.Commerce.Core.Component, Sitecore.Commerce.Core]], mscorlib","$values":[{"$type":"Sitecore.Commerce.Plugin.Catalog.CatalogComponent, Sitecore.Commerce.Plugin.Catalog","ItemDefinition":"","Id":"5d745357263545b3af56494f2ebe2a70","Name":"Habitat_Master","Comments":"","Policies":{"$type":"System.Collections.Generic.List`1[[Sitecore.Commerce.Core.Policy, Sitecore.Commerce.Core]], mscorlib","$values":[]},"ChildComponents":{"$type":"System.Collections.Generic.List`1[[Sitecore.Commerce.Core.Component, Sitecore.Commerce.Core]], mscorlib","$values":[]}}]}},{"$type":"Sitecore.Commerce.Core.MessagesComponent, Sitecore.Commerce.Core","Messages":{"$type":"System.Collections.Generic.List`1[[Sitecore.Commerce.Core.MessageModel, Sitecore.Commerce.Core]], mscorlib","$values":[{"$type":"Sitecore.Commerce.Core.MessageModel, Sitecore.Commerce.Core","Code":"MigrationMessage","Text":"Migrated from category with name='Camcorders' in catalog 'Habitat_Master'","Id":"c35b675123da443bb8e903bba84a82bc"}]},"Id":"6d1f7dd33e6b4766ba8362e7db247a38","Name":"","Comments":"","Policies":{"$type":"System.Collections.Generic.List`1[[Sitecore.Commerce.Core.Policy, Sitecore.Commerce.Core]], mscorlib","$values":[]},"ChildComponents":{"$type":"System.Collections.Generic.List`1[[Sitecore.Commerce.Core.Component, Sitecore.Commerce.Core]], mscorlib","$values":[]}}]},"DateCreated":"2020-05-13T18:44:02.2074786+00:00","DateUpdated":"2017-02-14T22:24:13+00:00","DisplayName":"Camcorders","FriendlyId":"Habitat_Master-Camcorders","Id":"Entity-Category-Habitat_Master-Camcorders","Version":0,"EntityVersion":1,"Published":true,"IsPersisted":false,"Name":"Camcorders","UniqueId":"00000000-0000-0000-0000-000000000000","Policies":{"$type":"System.Collections.Generic.List`1[[Sitecore.Commerce.Core.Policy, Sitecore.Commerce.Core]], mscorlib","$values":[]}},{"$type":"Sitecore.Commerce.Plugin.Catalog.Category, Sitecore.Commerce.Plugin.Catalog","Description":"","SitecoreId":"dc456a04-4709-48a5-fdbb-ead9bd1e957b","ParentCatalogList":"59ddadc1-9b88-727e-9e14-3f6cf321ae0f","ParentCategoryList":"e9f2e3a7-0575-0632-b67e-5e65092230c3","ChildrenSellableItemList":"4469d090-320d-9d51-efc3-20de29699e6e|9d100531-dd4e-b4a0-f951-e2f913c21f96|c6b3bffc-fcb0-a2b4-3a36-e3d20709f470|58051c31-a7f6-9001-e1df-eead0c77ba95|83f80412-c352-c14e-cb9f-52a3ad896981|1fa7a8a3-fcc2-cb2b-4181-d636ffa490db|4cbafc57-db7f-2e83-275d-eb834c486636","IsBundle":false,"Components":{"$type":"System.Collections.Generic.List`1[[Sitecore.Commerce.Core.Component, Sitecore.Commerce.Core]], mscorlib","$values":[{"$type":"Sitecore.Commerce.Plugin.Catalog.CatalogsComponent, Sitecore.Commerce.Plugin.Catalog","Id":"0df1d7cf2ec24985a4400014ffa9231d","Name":"","Comments":"","Policies":{"$type":"System.Collections.Generic.List`1[[Sitecore.Commerce.Core.Policy, Sitecore.Commerce.Core]], mscorlib","$values":[]},"ChildComponents":{"$type":"System.Collections.Generic.List`1[[Sitecore.Commerce.Core.Component, Sitecore.Commerce.Core]], mscorlib","$values":[{"$type":"Sitecore.Commerce.Plugin.Catalog.CatalogComponent, Sitecore.Commerce.Plugin.Catalog","ItemDefinition":"","Id":"312a5f4bf94f41178aa693ecca36d519","Name":"Habitat_Master","Comments":"","Policies":{"$type":"System.Collections.Generic.List`1[[Sitecore.Commerce.Core.Policy, Sitecore.Commerce.Core]], mscorlib","$values":[]},"ChildComponents":{"$type":"System.Collections.Generic.List`1[[Sitecore.Commerce.Core.Component, Sitecore.Commerce.Core]], mscorlib","$values":[]}}]}},{"$type":"Sitecore.Commerce.Core.MessagesComponent, Sitecore.Commerce.Core","Messages":{"$type":"System.Collections.Generic.List`1[[Sitecore.Commerce.Core.MessageModel, Sitecore.Commerce.Core]], mscorlib","$values":[{"$type":"Sitecore.Commerce.Core.MessageModel, Sitecore.Commerce.Core","Code":"MigrationMessage","Text":"Migrated from category with name='Drones' in catalog 'Habitat_Master'","Id":"57b7116f1f064aafad394cac7a6c7a13"}]},"Id":"f7eaa5a3d28941cbb088de4521a82ac0","Name":"","Comments":"","Policies":{"$type":"System.Collections.Generic.List`1[[Sitecore.Commerce.Core.Policy, Sitecore.Commerce.Core]], mscorlib","$values":[]},"ChildComponents":{"$type":"System.Collections.Generic.List`1[[Sitecore.Commerce.Core.Component, Sitecore.Commerce.Core]], mscorlib","$values":[]}}]},"DateCreated":"2020-05-13T18:44:02.2109547+00:00","DateUpdated":"2017-02-14T22:24:14+00:00","DisplayName":"Drones","FriendlyId":"Habitat_Master-Drones","Id":"Entity-Category-Habitat_Master-Drones","Version":0,"EntityVersion":1,"Published":true,"IsPersisted":false,"Name":"Drones","UniqueId":"00000000-0000-0000-0000-000000000000","Policies":{"$type":"System.Collections.Generic.List`1[[Sitecore.Commerce.Core.Policy, Sitecore.Commerce.Core]], mscorlib","$values":[]}},{"$type":"Sitecore.Commerce.Plugin.Catalog.Category, Sitecore.Commerce.Plugin.Catalog","Description":"","SitecoreId":"9bf95fed-d29e-e85d-5eee-94c7f378fa34","ParentCatalogList":"59ddadc1-9b88-727e-9e14-3f6cf321ae0f","ParentCategoryList":"e9f2e3a7-0575-0632-b67e-5e65092230c3","ChildrenSellableItemList":"66b98407-efbe-99a5-8e2d-371b9d562bc9|445cc8f8-010d-d273-5f4b-2540fba23183|72b8809c-ff17-ef64-faf3-813e75e0d728|00676b07-8cea-a9db-ac20-da1314cb67da|59cf2a98-63d4-b502-9781-200a9b1b0a02|8897e068-c583-9e4a-a5f9-ff341685c54b|c73b2562-14c7-dba4-2b63-4f3881513e92|21daef3d-c5cb-8625-b929-175d1c3aef59|24d1827a-03be-62c6-2e56-c886b0b2864b|d563419b-db13-4e4e-5761-b39410598118|28a9aba4-7ffe-d6e5-a52e-32bad32b7a58|439e1f96-1dfd-9a12-192a-0ad81612fb13|80a320c7-86f8-323b-0098-f8b8f1860d23|3ca52e9f-66ab-0fb7-1802-a46a2d30c7c9|2b66aa95-a7b5-983e-9ceb-ce438f9ce230|de37c669-bb4f-757f-4eef-08a2849cbd2b|bf0fd865-ea09-f9f0-c463-4d542cd0f522|447a7a56-8892-c21b-67eb-7b1d529903f8|de88e946-a37b-0262-0784-91a129a75225|e9f8e2d7-8e81-5d0a-715d-556a1c96e393|0a4d6b2e-5a96-bcf1-9f57-b4c76d637bff|f0e89bd1-e49b-d862-caa4-0a9308846f84|410cfbd0-b55a-bbca-a029-1f931d242849|ec0e4cb6-43d2-d882-e8cb-8a3b42ccc6b2|1f0e4449-f5e2-661d-7946-54b2afdd95c3|15793178-e183-32fa-8460-e55a5cadf03a|8f6fbe76-b839-492d-22cf-79b71dc82a8f|f8c3f20b-8f3c-9010-a27f-e3d6b21ae9b4|777e88dd-fb1b-1659-f4ba-f3d60b9f143e|db442699-1c0b-51be-77e2-9db0c4d31329|00645b0b-2538-b4dd-d839-ec54e0c1bd0b","IsBundle":false,"Components":{"$type":"System.Collections.Generic.List`1[[Sitecore.Commerce.Core.Component, Sitecore.Commerce.Core]], mscorlib","$values":[{"$type":"Sitecore.Commerce.Plugin.Catalog.CatalogsComponent, Sitecore.Commerce.Plugin.Catalog","Id":"1dbee2c277744c34880ff4546efbf5da","Name":"","Comments":"","Policies":{"$type":"System.Collections.Generic.List`1[[Sitecore.Commerce.Core.Policy, Sitecore.Commerce.Core]], mscorlib","$values":[]},"ChildComponents":{"$type":"System.Collections.Generic.List`1[[Sitecore.Commerce.Core.Component, Sitecore.Commerce.Core]], mscorlib","$values":[{"$type":"Sitecore.Commerce.Plugin.Catalog.CatalogComponent, Sitecore.Commerce.Plugin.Catalog","ItemDefinition":"","Id":"3bc69b479db94f67be8bfc752cc1d328","Name":"Habitat_Master","Comments":"","Policies":{"$type":"System.Collections.Generic.List`1[[Sitecore.Commerce.Core.Policy, Sitecore.Commerce.Core]], mscorlib","$values":[]},"ChildComponents":{"$type":"System.Collections.Generic.List`1[[Sitecore.Commerce.Core.Component, Sitecore.Commerce.Core]], mscorlib","$values":[]}}]}},{"$type":"Sitecore.Commerce.Core.MessagesComponent, Sitecore.Commerce.Core","Messages":{"$type":"System.Collections.Generic.List`1[[Sitecore.Commerce.Core.MessageModel, Sitecore.Commerce.Core]], mscorlib","$values":[{"$type":"Sitecore.Commerce.Core.MessageModel, Sitecore.Commerce.Core","Code":"MigrationMessage","Text":"Migrated from category with name='Camera Accessories' in catalog 'Habitat_Master'","Id":"cb164d0f45484457a1620ada23c6dfd6"}]},"Id":"ea313b6ef0ec47ea9d9ee28ebf3085f2","Name":"","Comments":"","Policies":{"$type":"System.Collections.Generic.List`1[[Sitecore.Commerce.Core.Policy, Sitecore.Commerce.Core]], mscorlib","$values":[]},"ChildComponents":{"$type":"System.Collections.Generic.List`1[[Sitecore.Commerce.Core.Component, Sitecore.Commerce.Core]], mscorlib","$values":[]}}]},"DateCreated":"2020-05-13T18:44:02.2124561+00:00","DateUpdated":"2017-02-14T22:24:14+00:00","DisplayName":"Camera Accessories","FriendlyId":"Habitat_Master-Camera Accessories","Id":"Entity-Category-Habitat_Master-Camera Accessories","Version":0,"EntityVersion":1,"Published":true,"IsPersisted":false,"Name":"Camera Accessories","UniqueId":"00000000-0000-0000-0000-000000000000","Policies":{"$type":"System.Collections.Generic.List`1[[Sitecore.Commerce.Core.Policy, Sitecore.Commerce.Core]], mscorlib","$values":[]}},{"$type":"Sitecore.Commerce.Plugin.Catalog.Category, Sitecore.Commerce.Plugin.Catalog","Description":"","SitecoreId":"90deffb1-c749-6b99-342e-42c37c63375d","ParentCatalogList":"59ddadc1-9b88-727e-9e14-3f6cf321ae0f","ParentCategoryList":"e9f2e3a7-0575-0632-b67e-5e65092230c3","ChildrenSellableItemList":"c7e24e9f-614a-f314-81be-58deada94fcc|341e6613-646f-f0b9-02f0-b3cb7eef6833|20bb91f2-6be5-652a-72c1-a785bde859c9|75ba9a8f-a42e-8608-f0a8-3e8ce5f8f265|b4b20247-f1df-d3b7-a240-38a6eac0e62b|2f1dab86-66af-3a1f-e38f-17bb3b8f1563|039346c9-234c-1577-c733-1d9c8e5e3fcf|8beee4bf-4394-70d9-fcd3-3000bb50520e|c6900f4f-c1c2-28a5-0c36-e9463d7a3925|0e89b0e6-b8aa-0019-a33e-260073e3f4dd|f2003d41-f55a-d0d3-8ae4-9953b1922bfa|a60d0b1f-66c8-88f3-dce9-ad292df4694b|592ffa85-3ede-2c62-95e8-341abe7ab8a0","IsBundle":false,"Components":{"$type":"System.Collections.Generic.List`1[[Sitecore.Commerce.Core.Component, Sitecore.Commerce.Core]], mscorlib","$values":[{"$type":"Sitecore.Commerce.Plugin.Catalog.CatalogsComponent, Sitecore.Commerce.Plugin.Catalog","Id":"4bf49b44ae1f4784aa91670788ac55e9","Name":"","Comments":"","Policies":{"$type":"System.Collections.Generic.List`1[[Sitecore.Commerce.Core.Policy, Sitecore.Commerce.Core]], mscorlib","$values":[]},"ChildComponents":{"$type":"System.Collections.Generic.List`1[[Sitecore.Commerce.Core.Component, Sitecore.Commerce.Core]], mscorlib","$values":[{"$type":"Sitecore.Commerce.Plugin.Catalog.CatalogComponent, Sitecore.Commerce.Plugin.Catalog","ItemDefinition":"","Id":"49951ea2c4124e6f9cb2d7ccf0e14402","Name":"Habitat_Master","Comments":"","Policies":{"$type":"System.Collections.Generic.List`1[[Sitecore.Commerce.Core.Policy, Sitecore.Commerce.Core]], mscorlib","$values":[]},"ChildComponents":{"$type":"System.Collections.Generic.List`1[[Sitecore.Commerce.Core.Component, Sitecore.Commerce.Core]], mscorlib","$values":[]}}]}},{"$type":"Sitecore.Commerce.Core.MessagesComponent, Sitecore.Commerce.Core","Messages":{"$type":"System.Collections.Generic.List`1[[Sitecore.Commerce.Core.MessageModel, Sitecore.Commerce.Core]], mscorlib","$values":[{"$type":"Sitecore.Commerce.Core.MessageModel, Sitecore.Commerce.Core","Code":"MigrationMessage","Text":"Migrated from category with name='Warranties and Services' in catalog 'Habitat_Master'","Id":"b6d12af615b54c3ba752c1aa10b68f61"}]},"Id":"9bf860fd86ac40e59b4b0169ddfade24","Name":"","Comments":"","Policies":{"$type":"System.Collections.Generic.List`1[[Sitecore.Commerce.Core.Policy, Sitecore.Commerce.Core]], mscorlib","$values":[]},"ChildComponents":{"$type":"System.Collections.Generic.List`1[[Sitecore.Commerce.Core.Component, Sitecore.Commerce.Core]], mscorlib","$values":[]}}]},"DateCreated":"2020-05-13T18:44:02.2220019+00:00","DateUpdated":"2017-02-14T22:24:15+00:00","DisplayName":"Warranties and Services","FriendlyId":"Habitat_Master-Warranties and Services","Id":"Entity-Category-Habitat_Master-Warranties and Services","Version":0,"EntityVersion":1,"Published":true,"IsPersisted":false,"Name":"Warranties and Services","UniqueId":"00000000-0000-0000-0000-000000000000","Policies":{"$type":"System.Collections.Generic.List`1[[Sitecore.Commerce.Core.Policy, Sitecore.Commerce.Core]], mscorlib","$values":[]}},{"$type":"Sitecore.Commerce.Plugin.Catalog.Category, Sitecore.Commerce.Plugin.Catalog","Description":"","SitecoreId":"994ec8cb-fe90-5071-a631-4458b1e83db3","ParentCatalogList":"59ddadc1-9b88-727e-9e14-3f6cf321ae0f","ParentCategoryList":"b893c063-6238-ed57-700d-72862c56038d","ChildrenCategoryList":"d7f45dfb-f7c0-ddca-a689-b402eacdddcd|d3b75bfd-df0f-723a-d9ea-1fd1209cbc41|f9c1fbf9-0a17-4723-5ba4-f97ab9ee1969|91c3f435-581a-facc-378e-78f7cc4c05e2|b035e970-3358-9bc3-9964-26fc663eb941|1a08462b-9089-cdd6-f751-6eb09c13d948|64f0b62e-2b0b-c80f-97e5-626db9d3c6df|1e660ba0-96b1-fb0f-7b08-d89957cf5920","ChildrenSellableItemList":"50df105f-4261-0e11-5934-0f902b1181ae|8dcb7d40-0134-fc8b-b905-bf7d5eff11a0|fd296f24-900c-0a1f-686f-cf13a127016e|a59ade41-926b-ab04-640a-3e609cba4423|39ced455-f74f-4c8d-18ed-146876c69c4d|7af175a9-fcf8-e23e-c31a-92fbdca357cb|7afe9362-61d1-2fd8-335e-24e99da61849|4f1b464e-28e4-7d75-c161-b2e52ad728b6|92a7d2cc-91ad-5223-26ba-cb88c8612c71|ce6e1ae4-bdd4-0097-2b28-1a5602b14407|09f503ba-d8f9-74bc-91c5-047c61243577|f5cd0a2e-bb1d-f6ab-6c96-925a4d4be610|3624a3b9-67ec-54f9-a2c6-a08b794fb935|251e2d19-1cd9-51d2-d34d-a1ccd5c0baa2|12e1623e-91ab-a77b-141a-48094ce79493|dfa5fce3-41b1-45d5-aa8f-9a9ecd40a113|bf77cc91-9cff-0716-9df8-a933e5a2522c|f141cb94-d0b4-df81-9e1b-97c6f8a5fa36|f62d3f0a-8805-f874-a309-fea9584e0628|9035f78f-c12c-2fd0-1728-8a5d3bea5c91|8013bd3a-fc82-d19e-e743-d12dd6bc2e0a|fb617148-72ec-099d-ff1d-4c9be802bbb3|cc64146d-8217-9bd1-aa1a-a0848453a8af|c6ccf94e-7c87-da1d-a515-e96f022b84b9|b4cb59e3-603f-b754-02dd-929fc8716815|8d67a004-259a-478a-cdcc-1fbf41842411|7cf78cac-e8ac-e653-112b-ab606a889cf6|dd273d02-a496-6e40-608d-dda380bc2407|3428ea36-a47b-5717-3837-ed295c9a2e42|d4e07b4e-13ba-c202-f519-0a787e71379b|8811a85a-9f27-0242-fb1c-b90426706742|a4a293d6-27b7-6ed6-da09-585478ae5b52|fe4e613f-a712-8cea-bf0b-98e6ec48b900|a39d158f-828f-611b-c029-08842b3a88e5|f92320b9-db7b-9ac6-14e9-68ee9f3832d5|3c56fa06-f978-bc65-ff85-5bcdd2ec1c70|17ff768f-aa59-c7c8-e6fe-3fe3e8a0fe9a|0831c154-10d8-416d-ff52-a32585d1ac21|eeec172a-c7ea-118e-17a0-a0cf94651a43|44a7d362-a0fe-898e-4e94-6da034b33e10|576fa50a-2b1f-808a-103e-36a5ed292332|6ccb1d18-76b8-1dfb-dc52-384ca3e5348e|23f443c9-dd26-5959-21a1-7ca3a4137604|b2d74163-bafd-1432-d857-22575e0324f6|f1e55329-78d7-2980-974a-7c68f64408be|48ddafe3-ab81-dd1d-a85c-85a66edeabeb|75c16e98-e71b-d88c-91c7-3d6ac0fb0275|7b5dda2f-be7f-41b8-860b-153ede91727a|cf2923f6-aea3-c6bf-b20e-e21a6cba16b2|59f4429f-d5a0-ee0f-f382-81c80080a781|bf477d0c-e00c-6b02-f5be-62b332675120|bb515d29-4d7f-4699-1aa4-a4be54c69bad|711b562a-351c-f205-ac26-8e6c1bb69463|47d73126-e8ac-b27f-8a6d-225ea549e2f0|91b09876-d90a-4dcf-5ff5-72dbb63fbb54|2b10f4c0-6909-aaa5-65ff-b5f65f40d0be|9ddd5b33-18fa-c6ca-3ca0-94c1c218690d|1e548ea1-5aca-896d-b8cb-77f084cf1f36|4833eb6b-a08e-4b16-8a74-c9385cd9258e|21ff5396-9669-7e1a-5653-8f452f1456d1|0579924a-66bf-0787-caf1-0f0f07ff17dd|d80e8919-c7d5-46da-7953-c304de042e62|55a80fc4-9dfe-c60a-42a0-631d875c502e|92c1a0f3-be99-e61e-6e7b-410348a2761b|13b819b5-f1db-e510-8188-8ae61a910d9e|487dd191-e26f-8edd-366d-373130a4f1e2|20bb91f2-6be5-652a-72c1-a785bde859c9","IsBundle":false,"Components":{"$type":"System.Collections.Generic.List`1[[Sitecore.Commerce.Core.Component, Sitecore.Commerce.Core]], mscorlib","$values":[{"$type":"Sitecore.Commerce.Plugin.Catalog.CatalogsComponent, Sitecore.Commerce.Plugin.Catalog","Id":"a9f37d82e42d4007a1fb236572e099a0","Name":"","Comments":"","Policies":{"$type":"System.Collections.Generic.List`1[[Sitecore.Commerce.Core.Policy, Sitecore.Commerce.Core]], mscorlib","$values":[]},"ChildComponents":{"$type":"System.Collections.Generic.List`1[[Sitecore.Commerce.Core.Component, Sitecore.Commerce.Core]], mscorlib","$values":[{"$type":"Sitecore.Commerce.Plugin.Catalog.CatalogComponent, Sitecore.Commerce.Plugin.Catalog","ItemDefinition":"","Id":"7284612527df4d6d8970971c8a2d59a5","Name":"Habitat_Master","Comments":"","Policies":{"$type":"System.Collections.Generic.List`1[[Sitecore.Commerce.Core.Policy, Sitecore.Commerce.Core]], mscorlib","$values":[]},"ChildComponents":{"$type":"System.Collections.Generic.List`1[[Sitecore.Commerce.Core.Component, Sitecore.Commerce.Core]], mscorlib","$values":[]}}]}},{"$type":"Sitecore.Commerce.Core.MessagesComponent, Sitecore.Commerce.Core","Messages":{"$type":"System.Collections.Generic.List`1[[Sitecore.Commerce.Core.MessageModel, Sitecore.Commerce.Core]], mscorlib","$values":[{"$type":"Sitecore.Commerce.Core.MessageModel, Sitecore.Commerce.Core","Code":"MigrationMessage","Text":"Migrated from category with name='Computers and Tablets' in catalog 'Habitat_Master'","Id":"ffa897fa63c147cc9365ccadbec8644f"}]},"Id":"548d3e6284f94acf9dd456d340b45121","Name":"","Comments":"","Policies":{"$type":"System.Collections.Generic.List`1[[Sitecore.Commerce.Core.Policy, Sitecore.Commerce.Core]], mscorlib","$values":[]},"ChildComponents":{"$type":"System.Collections.Generic.List`1[[Sitecore.Commerce.Core.Component, Sitecore.Commerce.Core]], mscorlib","$values":[]}}]},"DateCreated":"2020-05-13T18:44:02.2229547+00:00","DateUpdated":"2017-02-14T22:24:15+00:00","DisplayName":"Computers and Tablets","FriendlyId":"Habitat_Master-Computers and Tablets","Id":"Entity-Category-Habitat_Master-Computers and Tablets","Version":0,"EntityVersion":1,"Published":true,"IsPersisted":false,"Name":"Computers and Tablets","UniqueId":"00000000-0000-0000-0000-000000000000","Policies":{"$type":"System.Collections.Generic.List`1[[Sitecore.Commerce.Core.Policy, Sitecore.Commerce.Core]], mscorlib","$values":[]}},{"$type":"Sitecore.Commerce.Plugin.Catalog.Category, Sitecore.Commerce.Plugin.Catalog","Description":"","SitecoreId":"d7f45dfb-f7c0-ddca-a689-b402eacdddcd","ParentCatalogList":"59ddadc1-9b88-727e-9e14-3f6cf321ae0f","ParentCategoryList":"994ec8cb-fe90-5071-a631-4458b1e83db3","ChildrenSellableItemList":"50df105f-4261-0e11-5934-0f902b1181ae|8dcb7d40-0134-fc8b-b905-bf7d5eff11a0|fd296f24-900c-0a1f-686f-cf13a127016e|a59ade41-926b-ab04-640a-3e609cba4423|39ced455-f74f-4c8d-18ed-146876c69c4d|7af175a9-fcf8-e23e-c31a-92fbdca357cb|7afe9362-61d1-2fd8-335e-24e99da61849|4f1b464e-28e4-7d75-c161-b2e52ad728b6|92a7d2cc-91ad-5223-26ba-cb88c8612c71|ce6e1ae4-bdd4-0097-2b28-1a5602b14407|09f503ba-d8f9-74bc-91c5-047c61243577","IsBundle":false,"Components":{"$type":"System.Collections.Generic.List`1[[Sitecore.Commerce.Core.Component, Sitecore.Commerce.Core]], mscorlib","$values":[{"$type":"Sitecore.Commerce.Plugin.Catalog.CatalogsComponent, Sitecore.Commerce.Plugin.Catalog","Id":"af9315574a0d41ea9cb985508a90ed8d","Name":"","Comments":"","Policies":{"$type":"System.Collections.Generic.List`1[[Sitecore.Commerce.Core.Policy, Sitecore.Commerce.Core]], mscorlib","$values":[]},"ChildComponents":{"$type":"System.Collections.Generic.List`1[[Sitecore.Commerce.Core.Component, Sitecore.Commerce.Core]], mscorlib","$values":[{"$type":"Sitecore.Commerce.Plugin.Catalog.CatalogComponent, Sitecore.Commerce.Plugin.Catalog","ItemDefinition":"","Id":"30b9cca08de54b60a86ac24f398d844c","Name":"Habitat_Master","Comments":"","Policies":{"$type":"System.Collections.Generic.List`1[[Sitecore.Commerce.Core.Policy, Sitecore.Commerce.Core]], mscorlib","$values":[]},"ChildComponents":{"$type":"System.Collections.Generic.List`1[[Sitecore.Commerce.Core.Component, Sitecore.Commerce.Core]], mscorlib","$values":[]}}]}},{"$type":"Sitecore.Commerce.Core.MessagesComponent, Sitecore.Commerce.Core","Messages":{"$type":"System.Collections.Generic.List`1[[Sitecore.Commerce.Core.MessageModel, Sitecore.Commerce.Core]], mscorlib","$values":[{"$type":"Sitecore.Commerce.Core.MessageModel, Sitecore.Commerce.Core","Code":"MigrationMessage","Text":"Migrated from category with name='Laptops' in catalog 'Habitat_Master'","Id":"7af6a188584a4b459866c868589ec188"}]},"Id":"f887e99900914ad39ec40a4c7df23b99","Name":"","Comments":"","Policies":{"$type":"System.Collections.Generic.List`1[[Sitecore.Commerce.Core.Policy, Sitecore.Commerce.Core]], mscorlib","$values":[]},"ChildComponents":{"$type":"System.Collections.Generic.List`1[[Sitecore.Commerce.Core.Component, Sitecore.Commerce.Core]], mscorlib","$values":[]}}]},"DateCreated":"2020-05-13T18:44:02.2229547+00:00","DateUpdated":"2017-02-14T22:24:15+00:00","DisplayName":"Laptops","FriendlyId":"Habitat_Master-Laptops","Id":"Entity-Category-Habitat_Master-Laptops","Version":0,"EntityVersion":1,"Published":true,"IsPersisted":false,"Name":"Laptops","UniqueId":"00000000-0000-0000-0000-000000000000","Policies":{"$type":"System.Collections.Generic.List`1[[Sitecore.Commerce.Core.Policy, Sitecore.Commerce.Core]], mscorlib","$values":[]}},{"$type":"Sitecore.Commerce.Plugin.Catalog.Category, Sitecore.Commerce.Plugin.Catalog","Description":"","SitecoreId":"d3b75bfd-df0f-723a-d9ea-1fd1209cbc41","ParentCatalogList":"59ddadc1-9b88-727e-9e14-3f6cf321ae0f","ParentCategoryList":"994ec8cb-fe90-5071-a631-4458b1e83db3","ChildrenSellableItemList":"f5cd0a2e-bb1d-f6ab-6c96-925a4d4be610|3624a3b9-67ec-54f9-a2c6-a08b794fb935|251e2d19-1cd9-51d2-d34d-a1ccd5c0baa2|12e1623e-91ab-a77b-141a-48094ce79493|dfa5fce3-41b1-45d5-aa8f-9a9ecd40a113|bf77cc91-9cff-0716-9df8-a933e5a2522c|f141cb94-d0b4-df81-9e1b-97c6f8a5fa36|f62d3f0a-8805-f874-a309-fea9584e0628","IsBundle":false,"Components":{"$type":"System.Collections.Generic.List`1[[Sitecore.Commerce.Core.Component, Sitecore.Commerce.Core]], mscorlib","$values":[{"$type":"Sitecore.Commerce.Plugin.Catalog.CatalogsComponent, Sitecore.Commerce.Plugin.Catalog","Id":"ccb6b82ebc55471fa8bc2090d0af2a26","Name":"","Comments":"","Policies":{"$type":"System.Collections.Generic.List`1[[Sitecore.Commerce.Core.Policy, Sitecore.Commerce.Core]], mscorlib","$values":[]},"ChildComponents":{"$type":"System.Collections.Generic.List`1[[Sitecore.Commerce.Core.Component, Sitecore.Commerce.Core]], mscorlib","$values":[{"$type":"Sitecore.Commerce.Plugin.Catalog.CatalogComponent, Sitecore.Commerce.Plugin.Catalog","ItemDefinition":"","Id":"f1d5b00684854cb5b06daf85f0b6f944","Name":"Habitat_Master","Comments":"","Policies":{"$type":"System.Collections.Generic.List`1[[Sitecore.Commerce.Core.Policy, Sitecore.Commerce.Core]], mscorlib","$values":[]},"ChildComponents":{"$type":"System.Collections.Generic.List`1[[Sitecore.Commerce.Core.Component, Sitecore.Commerce.Core]], mscorlib","$values":[]}}]}},{"$type":"Sitecore.Commerce.Core.MessagesComponent, Sitecore.Commerce.Core","Messages":{"$type":"System.Collections.Generic.List`1[[Sitecore.Commerce.Core.MessageModel, Sitecore.Commerce.Core]], mscorlib","$values":[{"$type":"Sitecore.Commerce.Core.MessageModel, Sitecore.Commerce.Core","Code":"MigrationMessage","Text":"Migrated from category with name='2-in-1' in catalog 'Habitat_Master'","Id":"522be85e7eea4350ad1dc55e0eee6cd8"}]},"Id":"a7da19343c284e5bb9a57c2b5b406409","Name":"","Comments":"","Policies":{"$type":"System.Collections.Generic.List`1[[Sitecore.Commerce.Core.Policy, Sitecore.Commerce.Core]], mscorlib","$values":[]},"ChildComponents":{"$type":"System.Collections.Generic.List`1[[Sitecore.Commerce.Core.Component, Sitecore.Commerce.Core]], mscorlib","$values":[]}}]},"DateCreated":"2020-05-13T18:44:02.2262231+00:00","DateUpdated":"2017-02-14T22:24:16+00:00","DisplayName":"2-in-1","FriendlyId":"Habitat_Master-2 in 1","Id":"Entity-Category-Habitat_Master-2 in 1","Version":0,"EntityVersion":1,"Published":true,"IsPersisted":false,"Name":"2 in 1","UniqueId":"00000000-0000-0000-0000-000000000000","Policies":{"$type":"System.Collections.Generic.List`1[[Sitecore.Commerce.Core.Policy, Sitecore.Commerce.Core]], mscorlib","$values":[]}},{"$type":"Sitecore.Commerce.Plugin.Catalog.Category, Sitecore.Commerce.Plugin.Catalog","Description":"","SitecoreId":"f9c1fbf9-0a17-4723-5ba4-f97ab9ee1969","ParentCatalogList":"59ddadc1-9b88-727e-9e14-3f6cf321ae0f","ParentCategoryList":"994ec8cb-fe90-5071-a631-4458b1e83db3","ChildrenSellableItemList":"9035f78f-c12c-2fd0-1728-8a5d3bea5c91|8013bd3a-fc82-d19e-e743-d12dd6bc2e0a|fb617148-72ec-099d-ff1d-4c9be802bbb3|cc64146d-8217-9bd1-aa1a-a0848453a8af|c6ccf94e-7c87-da1d-a515-e96f022b84b9|b4cb59e3-603f-b754-02dd-929fc8716815|8d67a004-259a-478a-cdcc-1fbf41842411|7cf78cac-e8ac-e653-112b-ab606a889cf6|dd273d02-a496-6e40-608d-dda380bc2407|3428ea36-a47b-5717-3837-ed295c9a2e42|d4e07b4e-13ba-c202-f519-0a787e71379b|8811a85a-9f27-0242-fb1c-b90426706742|a4a293d6-27b7-6ed6-da09-585478ae5b52|fe4e613f-a712-8cea-bf0b-98e6ec48b900|a39d158f-828f-611b-c029-08842b3a88e5|f92320b9-db7b-9ac6-14e9-68ee9f3832d5|3c56fa06-f978-bc65-ff85-5bcdd2ec1c70|17ff768f-aa59-c7c8-e6fe-3fe3e8a0fe9a|0831c154-10d8-416d-ff52-a32585d1ac21|eeec172a-c7ea-118e-17a0-a0cf94651a43|44a7d362-a0fe-898e-4e94-6da034b33e10|576fa50a-2b1f-808a-103e-36a5ed292332","IsBundle":false,"Components":{"$type":"System.Collections.Generic.List`1[[Sitecore.Commerce.Core.Component, Sitecore.Commerce.Core]], mscorlib","$values":[{"$type":"Sitecore.Commerce.Plugin.Catalog.CatalogsComponent, Sitecore.Commerce.Plugin.Catalog","Id":"c2d6718e4055422e85f58d71f32dd4bf","Name":"","Comments":"","Policies":{"$type":"System.Collections.Generic.List`1[[Sitecore.Commerce.Core.Policy, Sitecore.Commerce.Core]], mscorlib","$values":[]},"ChildComponents":{"$type":"System.Collections.Generic.List`1[[Sitecore.Commerce.Core.Component, Sitecore.Commerce.Core]], mscorlib","$values":[{"$type":"Sitecore.Commerce.Plugin.Catalog.CatalogComponent, Sitecore.Commerce.Plugin.Catalog","ItemDefinition":"","Id":"194059171f674144b7fb40035d0ea5d7","Name":"Habitat_Master","Comments":"","Policies":{"$type":"System.Collections.Generic.List`1[[Sitecore.Commerce.Core.Policy, Sitecore.Commerce.Core]], mscorlib","$values":[]},"ChildComponents":{"$type":"System.Collections.Generic.List`1[[Sitecore.Commerce.Core.Component, Sitecore.Commerce.Core]], mscorlib","$values":[]}}]}},{"$type":"Sitecore.Commerce.Core.MessagesComponent, Sitecore.Commerce.Core","Messages":{"$type":"System.Collections.Generic.List`1[[Sitecore.Commerce.Core.MessageModel, Sitecore.Commerce.Core]], mscorlib","$values":[{"$type":"Sitecore.Commerce.Core.MessageModel, Sitecore.Commerce.Core","Code":"MigrationMessage","Text":"Migrated from category with name='Tablets' in catalog 'Habitat_Master'","Id":"94bd82ba0650413a843b291c92181039"}]},"Id":"eb763957ca534709a6191ad3a5aebacd","Name":"","Comments":"","Policies":{"$type":"System.Collections.Generic.List`1[[Sitecore.Commerce.Core.Policy, Sitecore.Commerce.Core]], mscorlib","$values":[]},"ChildComponents":{"$type":"System.Collections.Generic.List`1[[Sitecore.Commerce.Core.Component, Sitecore.Commerce.Core]], mscorlib","$values":[]}}]},"DateCreated":"2020-05-13T18:44:02.2282402+00:00","DateUpdated":"2017-02-14T22:24:16+00:00","DisplayName":"Tablets","FriendlyId":"Habitat_Master-Tablets","Id":"Entity-Category-Habitat_Master-Tablets","Version":0,"EntityVersion":1,"Published":true,"IsPersisted":false,"Name":"Tablets","UniqueId":"00000000-0000-0000-0000-000000000000","Policies":{"$type":"System.Collections.Generic.List`1[[Sitecore.Commerce.Core.Policy, Sitecore.Commerce.Core]], mscorlib","$values":[]}},{"$type":"Sitecore.Commerce.Plugin.Catalog.Category, Sitecore.Commerce.Plugin.Catalog","Description":"","SitecoreId":"91c3f435-581a-facc-378e-78f7cc4c05e2","ParentCatalogList":"59ddadc1-9b88-727e-9e14-3f6cf321ae0f","ParentCategoryList":"994ec8cb-fe90-5071-a631-4458b1e83db3","ChildrenSellableItemList":"6ccb1d18-76b8-1dfb-dc52-384ca3e5348e|23f443c9-dd26-5959-21a1-7ca3a4137604|b2d74163-bafd-1432-d857-22575e0324f6|f1e55329-78d7-2980-974a-7c68f64408be|48ddafe3-ab81-dd1d-a85c-85a66edeabeb","IsBundle":false,"Components":{"$type":"System.Collections.Generic.List`1[[Sitecore.Commerce.Core.Component, Sitecore.Commerce.Core]], mscorlib","$values":[{"$type":"Sitecore.Commerce.Plugin.Catalog.CatalogsComponent, Sitecore.Commerce.Plugin.Catalog","Id":"6bb5a4ad0217492fbf27c269224e517c","Name":"","Comments":"","Policies":{"$type":"System.Collections.Generic.List`1[[Sitecore.Commerce.Core.Policy, Sitecore.Commerce.Core]], mscorlib","$values":[]},"ChildComponents":{"$type":"System.Collections.Generic.List`1[[Sitecore.Commerce.Core.Component, Sitecore.Commerce.Core]], mscorlib","$values":[{"$type":"Sitecore.Commerce.Plugin.Catalog.CatalogComponent, Sitecore.Commerce.Plugin.Catalog","ItemDefinition":"","Id":"bb44081c3cd74ca1bd9c224aad21ee5c","Name":"Habitat_Master","Comments":"","Policies":{"$type":"System.Collections.Generic.List`1[[Sitecore.Commerce.Core.Policy, Sitecore.Commerce.Core]], mscorlib","$values":[]},"ChildComponents":{"$type":"System.Collections.Generic.List`1[[Sitecore.Commerce.Core.Component, Sitecore.Commerce.Core]], mscorlib","$values":[]}}]}},{"$type":"Sitecore.Commerce.Core.MessagesComponent, Sitecore.Commerce.Core","Messages":{"$type":"System.Collections.Generic.List`1[[Sitecore.Commerce.Core.MessageModel, Sitecore.Commerce.Core]], mscorlib","$values":[{"$type":"Sitecore.Commerce.Core.MessageModel, Sitecore.Commerce.Core","Code":"MigrationMessage","Text":"Migrated from category with name='eReaders' in catalog 'Habitat_Master'","Id":"7c0efd95ec2a4c71a8f53b49d2658796"}]},"Id":"b81dfe895f524602808107b74c4ef39e","Name":"","Comments":"","Policies":{"$type":"System.Collections.Generic.List`1[[Sitecore.Commerce.Core.Policy, Sitecore.Commerce.Core]], mscorlib","$values":[]},"ChildComponents":{"$type":"System.Collections.Generic.List`1[[Sitecore.Commerce.Core.Component, Sitecore.Commerce.Core]], mscorlib","$values":[]}}]},"DateCreated":"2020-05-13T18:44:02.2327462+00:00","DateUpdated":"2017-02-14T22:24:17+00:00","DisplayName":"eReaders","FriendlyId":"Habitat_Master-eReaders","Id":"Entity-Category-Habitat_Master-eReaders","Version":0,"EntityVersion":1,"Published":true,"IsPersisted":false,"Name":"eReaders","UniqueId":"00000000-0000-0000-0000-000000000000","Policies":{"$type":"System.Collections.Generic.List`1[[Sitecore.Commerce.Core.Policy, Sitecore.Commerce.Core]], mscorlib","$values":[]}},{"$type":"Sitecore.Commerce.Plugin.Catalog.Category, Sitecore.Commerce.Plugin.Catalog","Description":"","SitecoreId":"b035e970-3358-9bc3-9964-26fc663eb941","ParentCatalogList":"59ddadc1-9b88-727e-9e14-3f6cf321ae0f","ParentCategoryList":"994ec8cb-fe90-5071-a631-4458b1e83db3","ChildrenSellableItemList":"75c16e98-e71b-d88c-91c7-3d6ac0fb0275|7b5dda2f-be7f-41b8-860b-153ede91727a|cf2923f6-aea3-c6bf-b20e-e21a6cba16b2|59f4429f-d5a0-ee0f-f382-81c80080a781","IsBundle":false,"Components":{"$type":"System.Collections.Generic.List`1[[Sitecore.Commerce.Core.Component, Sitecore.Commerce.Core]], mscorlib","$values":[{"$type":"Sitecore.Commerce.Plugin.Catalog.CatalogsComponent, Sitecore.Commerce.Plugin.Catalog","Id":"9a5aaf2e3bd943dd865c6c1aebedeb9f","Name":"","Comments":"","Policies":{"$type":"System.Collections.Generic.List`1[[Sitecore.Commerce.Core.Policy, Sitecore.Commerce.Core]], mscorlib","$values":[]},"ChildComponents":{"$type":"System.Collections.Generic.List`1[[Sitecore.Commerce.Core.Component, Sitecore.Commerce.Core]], mscorlib","$values":[{"$type":"Sitecore.Commerce.Plugin.Catalog.CatalogComponent, Sitecore.Commerce.Plugin.Catalog","ItemDefinition":"","Id":"deb14bc703d24f30be133693e9496424","Name":"Habitat_Master","Comments":"","Policies":{"$type":"System.Collections.Generic.List`1[[Sitecore.Commerce.Core.Policy, Sitecore.Commerce.Core]], mscorlib","$values":[]},"ChildComponents":{"$type":"System.Collections.Generic.List`1[[Sitecore.Commerce.Core.Component, Sitecore.Commerce.Core]], mscorlib","$values":[]}}]}},{"$type":"Sitecore.Commerce.Core.MessagesComponent, Sitecore.Commerce.Core","Messages":{"$type":"System.Collections.Generic.List`1[[Sitecore.Commerce.Core.MessageModel, Sitecore.Commerce.Core]], mscorlib","$values":[{"$type":"Sitecore.Commerce.Core.MessageModel, Sitecore.Commerce.Core","Code":"MigrationMessage","Text":"Migrated from category with name='Kid’s Tablets' in catalog 'Habitat_Master'","Id":"bb3aed67d35b4cf595c363f7c03397a9"}]},"Id":"a49e5ce78fd14997bb36b8531e662366","Name":"","Comments":"","Policies":{"$type":"System.Collections.Generic.List`1[[Sitecore.Commerce.Core.Policy, Sitecore.Commerce.Core]], mscorlib","$values":[]},"ChildComponents":{"$type":"System.Collections.Generic.List`1[[Sitecore.Commerce.Core.Component, Sitecore.Commerce.Core]], mscorlib","$values":[]}}]},"DateCreated":"2020-05-13T18:44:02.23374+00:00","DateUpdated":"2017-02-14T22:24:17+00:00","DisplayName":"Kid’s Tablets","FriendlyId":"Habitat_Master-Kid s Tablets","Id":"Entity-Category-Habitat_Master-Kid s Tablets","Version":0,"EntityVersion":1,"Published":true,"IsPersisted":false,"Name":"Kid s Tablets","UniqueId":"00000000-0000-0000-0000-000000000000","Policies":{"$type":"System.Collections.Generic.List`1[[Sitecore.Commerce.Core.Policy, Sitecore.Commerce.Core]], mscorlib","$values":[]}}]}