{"$type":"System.Collections.Generic.List`1[[Sitecore.Commerce.Plugin.Catalog.RelationshipDefinition, Sitecore.Commerce.Plugin.Catalog]], mscorlib","$values":[{"$type":"Sitecore.Commerce.Plugin.Catalog.RelationshipDefinition, Sitecore.Commerce.Plugin.Catalog","RelationshipDescription":"InstallationSellableItemToSellableItem","SourceType":"Sitecore.Commerce.Plugin.Catalog.SellableItem, Sitecore.Commerce.Plugin.Catalog","TargetType":"Sitecore.Commerce.Plugin.Catalog.SellableItem, Sitecore.Commerce.Plugin.Catalog","RenderList":true,"Components":{"$type":"System.Collections.Generic.List`1[[Sitecore.Commerce.Core.Component, Sitecore.Commerce.Core]], mscorlib","$values":[]},"DateCreated":"2020-05-13T18:44:02.1164537+00:00","DateUpdated":"2020-05-13T18:44:02.1164537+00:00","DisplayName":"InstallationSellableItemToSellableItem","FriendlyId":"InstallationSellableItemToSellableItem","Id":"Entity-RelationshipDefinition-InstallationSellableItemToSellableItem","Version":0,"EntityVersion":1,"Published":true,"IsPersisted":false,"Name":"InstallationSellableItemToSellableItem","UniqueId":"00000000-0000-0000-0000-000000000000","Policies":{"$type":"System.Collections.Generic.List`1[[Sitecore.Commerce.Core.Policy, Sitecore.Commerce.Core]], mscorlib","$values":[]}},{"$type":"Sitecore.Commerce.Plugin.Catalog.RelationshipDefinition, Sitecore.Commerce.Plugin.Catalog","RelationshipDescription":"RelatedSellableItemToSellableItem","SourceType":"Sitecore.Commerce.Plugin.Catalog.SellableItem, Sitecore.Commerce.Plugin.Catalog","TargetType":"Sitecore.Commerce.Plugin.Catalog.SellableItem, Sitecore.Commerce.Plugin.Catalog","RenderList":true,"Components":{"$type":"System.Collections.Generic.List`1[[Sitecore.Commerce.Core.Component, Sitecore.Commerce.Core]], mscorlib","$values":[]},"DateCreated":"2020-05-13T18:44:02.1174531+00:00","DateUpdated":"2020-05-13T18:44:02.1174531+00:00","DisplayName":"RelatedSellableItemToSellableItem","FriendlyId":"RelatedSellableItemToSellableItem","Id":"Entity-RelationshipDefinition-RelatedSellableItemToSellableItem","Version":0,"EntityVersion":1,"Published":true,"IsPersisted":false,"Name":"RelatedSellableItemToSellableItem","UniqueId":"00000000-0000-0000-0000-000000000000","Policies":{"$type":"System.Collections.Generic.List`1[[Sitecore.Commerce.Core.Policy, Sitecore.Commerce.Core]], mscorlib","$values":[]}},{"$type":"Sitecore.Commerce.Plugin.Catalog.RelationshipDefinition, Sitecore.Commerce.Plugin.Catalog","RelationshipDescription":"WarrantySellableItemToSellableItem","SourceType":"Sitecore.Commerce.Plugin.Catalog.SellableItem, Sitecore.Commerce.Plugin.Catalog","TargetType":"Sitecore.Commerce.Plugin.Catalog.SellableItem, Sitecore.Commerce.Plugin.Catalog","RenderList":true,"Components":{"$type":"System.Collections.Generic.List`1[[Sitecore.Commerce.Core.Component, Sitecore.Commerce.Core]], mscorlib","$values":[]},"DateCreated":"2020-05-13T18:44:02.1174531+00:00","DateUpdated":"2020-05-13T18:44:02.1174531+00:00","DisplayName":"WarrantySellableItemToSellableItem","FriendlyId":"WarrantySellableItemToSellableItem","Id":"Entity-RelationshipDefinition-WarrantySellableItemToSellableItem","Version":0,"EntityVersion":1,"Published":true,"IsPersisted":false,"Name":"WarrantySellableItemToSellableItem","UniqueId":"00000000-0000-0000-0000-000000000000","Policies":{"$type":"System.Collections.Generic.List`1[[Sitecore.Commerce.Core.Policy, Sitecore.Commerce.Core]], mscorlib","$values":[]}},{"$type":"Sitecore.Commerce.Plugin.Catalog.RelationshipDefinition, Sitecore.Commerce.Plugin.Catalog","RelationshipDescription":"TrainingSellableItemToSellableItem","SourceType":"Sitecore.Commerce.Plugin.Catalog.SellableItem, Sitecore.Commerce.Plugin.Catalog","TargetType":"Sitecore.Commerce.Plugin.Catalog.SellableItem, Sitecore.Commerce.Plugin.Catalog","RenderList":true,"Components":{"$type":"System.Collections.Generic.List`1[[Sitecore.Commerce.Core.Component, Sitecore.Commerce.Core]], mscorlib","$values":[]},"DateCreated":"2020-05-13T18:44:02.1799563+00:00","DateUpdated":"2020-05-13T18:44:02.1799563+00:00","DisplayName":"TrainingSellableItemToSellableItem","FriendlyId":"TrainingSellableItemToSellableItem","Id":"Entity-RelationshipDefinition-TrainingSellableItemToSellableItem","Version":0,"EntityVersion":1,"Published":true,"IsPersisted":false,"Name":"TrainingSellableItemToSellableItem","UniqueId":"00000000-0000-0000-0000-000000000000","Policies":{"$type":"System.Collections.Generic.List`1[[Sitecore.Commerce.Core.Policy, Sitecore.Commerce.Core]], mscorlib","$values":[]}}]}