{"$type":"System.Collections.Generic.List`1[[Sitecore.Commerce.Plugin.Catalog.ImportRelationshipsArgument, Sitecore.Commerce.Plugin.Catalog]], mscorlib","$values":[{"$type":"Sitecore.Commerce.Plugin.Catalog.ImportRelationshipsArgument, Sitecore.Commerce.Plugin.Catalog","SourceId":"Entity-SellableItem-6042977","SourceEntityVersion":1,"TargetIds":{"$type":"System.Collections.Generic.List`1[[System.String, mscorlib]], mscorlib","$values":["Entity-SellableItem-6042064","Entity-SellableItem-7042082","Entity-SellableItem-6042183","Entity-SellableItem-6042962","Entity-SellableItem-6042963","Entity-SellableItem-6042430","Entity-SellableItem-6042986","Entity-SellableItem-6042886","Entity-SellableItem-6042402","Entity-SellableItem-6042325","Entity-SellableItem-6042283"]},"RelationshipType":"RelatedSellableItemToSellableItem"},{"$type":"Sitecore.Commerce.Plugin.Catalog.ImportRelationshipsArgument, Sitecore.Commerce.Plugin.Catalog","SourceId":"Entity-SellableItem-6042978","SourceEntityVersion":1,"TargetIds":{"$type":"System.Collections.Generic.List`1[[System.String, mscorlib]], mscorlib","$values":["Entity-SellableItem-6042064","Entity-SellableItem-7042082","Entity-SellableItem-6042183","Entity-SellableItem-6042962","Entity-SellableItem-6042963","Entity-SellableItem-6042430","Entity-SellableItem-6042986","Entity-SellableItem-6042886","Entity-SellableItem-6042402","Entity-SellableItem-6042325","Entity-SellableItem-6042283"]},"RelationshipType":"RelatedSellableItemToSellableItem"},{"$type":"Sitecore.Commerce.Plugin.Catalog.ImportRelationshipsArgument, Sitecore.Commerce.Plugin.Catalog","SourceId":"Entity-SellableItem-6042979","SourceEntityVersion":1,"TargetIds":{"$type":"System.Collections.Generic.List`1[[System.String, mscorlib]], mscorlib","$values":["Entity-SellableItem-6042064","Entity-SellableItem-7042082","Entity-SellableItem-6042183","Entity-SellableItem-6042962","Entity-SellableItem-6042963","Entity-SellableItem-6042430","Entity-SellableItem-6042986","Entity-SellableItem-6042886","Entity-SellableItem-6042402","Entity-SellableItem-6042325","Entity-SellableItem-6042283"]},"RelationshipType":"RelatedSellableItemToSellableItem"},{"$type":"Sitecore.Commerce.Plugin.Catalog.ImportRelationshipsArgument, Sitecore.Commerce.Plugin.Catalog","SourceId":"Entity-Category-Habitat_Master-Gaming","SourceEntityVersion":1,"TargetIds":{"$type":"System.Collections.Generic.List`1[[System.String, mscorlib]], mscorlib","$values":["Entity-Category-Habitat_Master-Consoles","Entity-Category-Habitat_Master-NextCube Accessories","Entity-Category-Habitat_Master-Multigame Subscriptions","Entity-Category-Habitat_Master-Single Game Subscriptions"]},"RelationshipType":"CategoryToCategory"},{"$type":"Sitecore.Commerce.Plugin.Catalog.ImportRelationshipsArgument, Sitecore.Commerce.Plugin.Catalog","SourceId":"Entity-Category-Habitat_Master-Gaming","SourceEntityVersion":1,"TargetIds":{"$type":"System.Collections.Generic.List`1[[System.String, mscorlib]], mscorlib","$values":["Entity-SellableItem-6042430","Entity-SellableItem-6042431","Entity-SellableItem-6042432","Entity-SellableItem-6042433","Entity-SellableItem-6042440","Entity-SellableItem-6042441","Entity-SellableItem-6042442","Entity-SellableItem-6042443","Entity-SellableItem-6042444","Entity-SellableItem-6042445","Entity-SellableItem-6042446","Entity-SellableItem-6042447","Entity-SellableItem-6042448","Entity-SellableItem-6042449","Entity-SellableItem-6042450","Entity-SellableItem-6042451","Entity-SellableItem-6042452","Entity-SellableItem-6042453","Entity-SellableItem-6042454","Entity-SellableItem-6042455","Entity-SellableItem-6042456","Entity-SellableItem-6042457","Entity-SellableItem-6042458","Entity-SellableItem-6042459","Entity-SellableItem-6042460","Entity-SellableItem-6042461","Entity-SellableItem-6042462","Entity-SellableItem-6042463","Entity-SellableItem-6042464","Entity-SellableItem-6042465","Entity-SellableItem-6042466","Entity-SellableItem-6042467","Entity-SellableItem-6042468","Entity-SellableItem-6042469","Entity-SellableItem-6042470","Entity-SellableItem-6042471","Entity-SellableItem-6042472","Entity-SellableItem-6042473","Entity-SellableItem-6042474","Entity-SellableItem-6042475","Entity-SellableItem-6042476","Entity-SellableItem-6042477","Entity-SellableItem-6042478","Entity-SellableItem-6042479","Entity-SellableItem-6042480","Entity-SellableItem-6042481","Entity-SellableItem-6042482","Entity-SellableItem-6042483","Entity-SellableItem-6042484","Entity-SellableItem-6042485","Entity-SellableItem-6042486","Entity-SellableItem-6042487","Entity-SellableItem-6042488","Entity-SellableItem-6042489","Entity-SellableItem-6042490","Entity-SellableItem-6042491","Entity-SellableItem-6042492","Entity-SellableItem-6042493","Entity-SellableItem-6042494","Entity-SellableItem-6042495","Entity-SellableItem-6042496","Entity-SellableItem-6042497","Entity-SellableItem-6042498","Entity-SellableItem-6042499","Entity-SellableItem-6042500","Entity-SellableItem-6042501","Entity-SellableItem-6042502","Entity-SellableItem-6042503","Entity-SellableItem-6042504","Entity-SellableItem-6042505","Entity-SellableItem-6042506","Entity-SellableItem-6042507","Entity-SellableItem-6042508","Entity-SellableItem-6042509","Entity-SellableItem-6042510","Entity-SellableItem-6042511","Entity-SellableItem-6042512","Entity-SellableItem-6042513","Entity-SellableItem-6042514","Entity-SellableItem-6042515","Entity-SellableItem-6042516","Entity-SellableItem-6042517","Entity-SellableItem-6042518","Entity-SellableItem-6042519","Entity-SellableItem-6042520","Entity-SellableItem-6042521","Entity-SellableItem-6042522","Entity-SellableItem-6042523","Entity-SellableItem-6042524","Entity-SellableItem-6042525","Entity-SellableItem-6042526","Entity-SellableItem-6042527","Entity-SellableItem-6042528","Entity-SellableItem-6042529","Entity-SellableItem-6042530","Entity-SellableItem-6042531","Entity-SellableItem-6042532","Entity-SellableItem-6042533","Entity-SellableItem-6042534","Entity-SellableItem-6042535","Entity-SellableItem-6042536","Entity-SellableItem-6042537","Entity-SellableItem-6042538","Entity-SellableItem-6042539","Entity-SellableItem-6042540","Entity-SellableItem-6042541","Entity-SellableItem-6042542","Entity-SellableItem-6042543","Entity-SellableItem-6042544","Entity-SellableItem-6042545","Entity-SellableItem-6042546","Entity-SellableItem-6042547","Entity-SellableItem-6042548","Entity-SellableItem-6042549","Entity-SellableItem-6042550","Entity-SellableItem-6042551","Entity-SellableItem-6042552","Entity-SellableItem-6042553","Entity-SellableItem-6042554","Entity-SellableItem-6042555","Entity-SellableItem-6042556","Entity-SellableItem-6042557"]},"RelationshipType":"CategoryToSellableItem"},{"$type":"Sitecore.Commerce.Plugin.Catalog.ImportRelationshipsArgument, Sitecore.Commerce.Plugin.Catalog","SourceId":"Entity-Category-Habitat_Master-Consoles","SourceEntityVersion":1,"TargetIds":{"$type":"System.Collections.Generic.List`1[[System.String, mscorlib]], mscorlib","$values":["Entity-SellableItem-6042430","Entity-SellableItem-6042431","Entity-SellableItem-6042432"]},"RelationshipType":"CategoryToSellableItem"},{"$type":"Sitecore.Commerce.Plugin.Catalog.ImportRelationshipsArgument, Sitecore.Commerce.Plugin.Catalog","SourceId":"Entity-SellableItem-6042430","SourceEntityVersion":1,"TargetIds":{"$type":"System.Collections.Generic.List`1[[System.String, mscorlib]], mscorlib","$values":["Entity-SellableItem-6042064","Entity-SellableItem-7042082","Entity-SellableItem-6042183","Entity-SellableItem-6042962","Entity-SellableItem-6042963","Entity-SellableItem-6042986","Entity-SellableItem-6042886","Entity-SellableItem-6042402","Entity-SellableItem-6042325","Entity-SellableItem-6042283"]},"RelationshipType":"RelatedSellableItemToSellableItem"},{"$type":"Sitecore.Commerce.Plugin.Catalog.ImportRelationshipsArgument, Sitecore.Commerce.Plugin.Catalog","SourceId":"Entity-SellableItem-6042431","SourceEntityVersion":1,"TargetIds":{"$type":"System.Collections.Generic.List`1[[System.String, mscorlib]], mscorlib","$values":["Entity-SellableItem-6042064","Entity-SellableItem-7042082","Entity-SellableItem-6042183","Entity-SellableItem-6042962","Entity-SellableItem-6042963","Entity-SellableItem-6042430","Entity-SellableItem-6042986","Entity-SellableItem-6042886","Entity-SellableItem-6042402","Entity-SellableItem-6042325","Entity-SellableItem-6042283"]},"RelationshipType":"RelatedSellableItemToSellableItem"},{"$type":"Sitecore.Commerce.Plugin.Catalog.ImportRelationshipsArgument, Sitecore.Commerce.Plugin.Catalog","SourceId":"Entity-SellableItem-6042432","SourceEntityVersion":1,"TargetIds":{"$type":"System.Collections.Generic.List`1[[System.String, mscorlib]], mscorlib","$values":["Entity-SellableItem-6042064","Entity-SellableItem-7042082","Entity-SellableItem-6042183","Entity-SellableItem-6042962","Entity-SellableItem-6042963","Entity-SellableItem-6042430","Entity-SellableItem-6042986","Entity-SellableItem-6042886","Entity-SellableItem-6042402","Entity-SellableItem-6042325","Entity-SellableItem-6042283"]},"RelationshipType":"RelatedSellableItemToSellableItem"},{"$type":"Sitecore.Commerce.Plugin.Catalog.ImportRelationshipsArgument, Sitecore.Commerce.Plugin.Catalog","SourceId":"Entity-Category-Habitat_Master-NextCube Accessories","SourceEntityVersion":1,"TargetIds":{"$type":"System.Collections.Generic.List`1[[System.String, mscorlib]], mscorlib","$values":["Entity-SellableItem-6042433","Entity-SellableItem-6042440","Entity-SellableItem-6042441","Entity-SellableItem-6042442","Entity-SellableItem-6042443","Entity-SellableItem-6042444","Entity-SellableItem-6042445","Entity-SellableItem-6042446","Entity-SellableItem-6042447","Entity-SellableItem-6042448","Entity-SellableItem-6042449","Entity-SellableItem-6042450","Entity-SellableItem-6042451","Entity-SellableItem-6042452"]},"RelationshipType":"CategoryToSellableItem"}]}