{"$type":"System.Collections.Generic.List`1[[Sitecore.Commerce.Plugin.Catalog.ImportRelationshipsArgument, Sitecore.Commerce.Plugin.Catalog]], mscorlib","$values":[{"$type":"Sitecore.Commerce.Plugin.Catalog.ImportRelationshipsArgument, Sitecore.Commerce.Plugin.Catalog","SourceId":"Entity-SellableItem-6042149","SourceEntityVersion":1,"TargetIds":{"$type":"System.Collections.Generic.List`1[[System.String, mscorlib]], mscorlib","$values":["Entity-SellableItem-6042064","Entity-SellableItem-7042082","Entity-SellableItem-6042183","Entity-SellableItem-6042962","Entity-SellableItem-6042963","Entity-SellableItem-6042430","Entity-SellableItem-6042986","Entity-SellableItem-6042886","Entity-SellableItem-6042402","Entity-SellableItem-6042325","Entity-SellableItem-6042283"]},"RelationshipType":"RelatedSellableItemToSellableItem"},{"$type":"Sitecore.Commerce.Plugin.Catalog.ImportRelationshipsArgument, Sitecore.Commerce.Plugin.Catalog","SourceId":"Entity-SellableItem-6042150","SourceEntityVersion":1,"TargetIds":{"$type":"System.Collections.Generic.List`1[[System.String, mscorlib]], mscorlib","$values":["Entity-SellableItem-6042064","Entity-SellableItem-7042082","Entity-SellableItem-6042183","Entity-SellableItem-6042962","Entity-SellableItem-6042963","Entity-SellableItem-6042430","Entity-SellableItem-6042986","Entity-SellableItem-6042886","Entity-SellableItem-6042402","Entity-SellableItem-6042325","Entity-SellableItem-6042283"]},"RelationshipType":"RelatedSellableItemToSellableItem"},{"$type":"Sitecore.Commerce.Plugin.Catalog.ImportRelationshipsArgument, Sitecore.Commerce.Plugin.Catalog","SourceId":"Entity-SellableItem-6042151","SourceEntityVersion":1,"TargetIds":{"$type":"System.Collections.Generic.List`1[[System.String, mscorlib]], mscorlib","$values":["Entity-SellableItem-6042064","Entity-SellableItem-7042082","Entity-SellableItem-6042183","Entity-SellableItem-6042962","Entity-SellableItem-6042963","Entity-SellableItem-6042430","Entity-SellableItem-6042986","Entity-SellableItem-6042886","Entity-SellableItem-6042402","Entity-SellableItem-6042325","Entity-SellableItem-6042283"]},"RelationshipType":"RelatedSellableItemToSellableItem"},{"$type":"Sitecore.Commerce.Plugin.Catalog.ImportRelationshipsArgument, Sitecore.Commerce.Plugin.Catalog","SourceId":"Entity-SellableItem-6042152","SourceEntityVersion":1,"TargetIds":{"$type":"System.Collections.Generic.List`1[[System.String, mscorlib]], mscorlib","$values":["Entity-SellableItem-6042064","Entity-SellableItem-7042082","Entity-SellableItem-6042183","Entity-SellableItem-6042962","Entity-SellableItem-6042963","Entity-SellableItem-6042430","Entity-SellableItem-6042986","Entity-SellableItem-6042886","Entity-SellableItem-6042402","Entity-SellableItem-6042325","Entity-SellableItem-6042283"]},"RelationshipType":"RelatedSellableItemToSellableItem"},{"$type":"Sitecore.Commerce.Plugin.Catalog.ImportRelationshipsArgument, Sitecore.Commerce.Plugin.Catalog","SourceId":"Entity-SellableItem-6042153","SourceEntityVersion":1,"TargetIds":{"$type":"System.Collections.Generic.List`1[[System.String, mscorlib]], mscorlib","$values":["Entity-SellableItem-6042064","Entity-SellableItem-7042082","Entity-SellableItem-6042183","Entity-SellableItem-6042962","Entity-SellableItem-6042963","Entity-SellableItem-6042430","Entity-SellableItem-6042986","Entity-SellableItem-6042886","Entity-SellableItem-6042402","Entity-SellableItem-6042325","Entity-SellableItem-6042283"]},"RelationshipType":"RelatedSellableItemToSellableItem"},{"$type":"Sitecore.Commerce.Plugin.Catalog.ImportRelationshipsArgument, Sitecore.Commerce.Plugin.Catalog","SourceId":"Entity-SellableItem-6042154","SourceEntityVersion":1,"TargetIds":{"$type":"System.Collections.Generic.List`1[[System.String, mscorlib]], mscorlib","$values":["Entity-SellableItem-6042064","Entity-SellableItem-7042082","Entity-SellableItem-6042183","Entity-SellableItem-6042962","Entity-SellableItem-6042963","Entity-SellableItem-6042430","Entity-SellableItem-6042986","Entity-SellableItem-6042886","Entity-SellableItem-6042402","Entity-SellableItem-6042325","Entity-SellableItem-6042283"]},"RelationshipType":"RelatedSellableItemToSellableItem"},{"$type":"Sitecore.Commerce.Plugin.Catalog.ImportRelationshipsArgument, Sitecore.Commerce.Plugin.Catalog","SourceId":"Entity-SellableItem-6042160","SourceEntityVersion":1,"TargetIds":{"$type":"System.Collections.Generic.List`1[[System.String, mscorlib]], mscorlib","$values":["Entity-SellableItem-6042064","Entity-SellableItem-7042082","Entity-SellableItem-6042183","Entity-SellableItem-6042962","Entity-SellableItem-6042963","Entity-SellableItem-6042430","Entity-SellableItem-6042986","Entity-SellableItem-6042886","Entity-SellableItem-6042402","Entity-SellableItem-6042325","Entity-SellableItem-6042283"]},"RelationshipType":"RelatedSellableItemToSellableItem"},{"$type":"Sitecore.Commerce.Plugin.Catalog.ImportRelationshipsArgument, Sitecore.Commerce.Plugin.Catalog","SourceId":"Entity-Category-Habitat_Master-Cameras","SourceEntityVersion":1,"TargetIds":{"$type":"System.Collections.Generic.List`1[[System.String, mscorlib]], mscorlib","$values":["Entity-Category-Habitat_Master-Point and shoot","Entity-Category-Habitat_Master-DSLR","Entity-Category-Habitat_Master-DSLR Bundles","Entity-Category-Habitat_Master-Mirrorless Cameras","Entity-Category-Habitat_Master-Mirrorless Bundles","Entity-Category-Habitat_Master-DSLR Lenses","Entity-Category-Habitat_Master-Camcorders","Entity-Category-Habitat_Master-Drones","Entity-Category-Habitat_Master-Camera Accessories","Entity-Category-Habitat_Master-Warranties and Services"]},"RelationshipType":"CategoryToCategory"},{"$type":"Sitecore.Commerce.Plugin.Catalog.ImportRelationshipsArgument, Sitecore.Commerce.Plugin.Catalog","SourceId":"Entity-Category-Habitat_Master-Cameras","SourceEntityVersion":1,"TargetIds":{"$type":"System.Collections.Generic.List`1[[System.String, mscorlib]], mscorlib","$values":["Entity-SellableItem-7042066","Entity-SellableItem-7042071","Entity-SellableItem-7042072","Entity-SellableItem-7042073","Entity-SellableItem-7042074","Entity-SellableItem-7042075","Entity-SellableItem-7042076","Entity-SellableItem-7042077","Entity-SellableItem-7042078","Entity-SellableItem-7042079","Entity-SellableItem-7042080","Entity-SellableItem-7042081","Entity-SellableItem-7042082","Entity-SellableItem-7042084","Entity-SellableItem-7042085","Entity-SellableItem-7042086","Entity-SellableItem-7042087","Entity-SellableItem-7042088","Entity-SellableItem-7042089","Entity-SellableItem-7042092","Entity-SellableItem-7042093","Entity-SellableItem-7042095","Entity-SellableItem-7042096","Entity-SellableItem-7042097","Entity-SellableItem-7042098","Entity-SellableItem-7042099","Entity-SellableItem-7042100","Entity-SellableItem-7042101","Entity-SellableItem-7042102","Entity-SellableItem-7042103","Entity-SellableItem-7042104","Entity-SellableItem-7042105","Entity-SellableItem-7042106","Entity-SellableItem-7042107","Entity-SellableItem-7042108","Entity-SellableItem-7042109","Entity-SellableItem-7042110","Entity-SellableItem-7042111","Entity-SellableItem-7042112","Entity-SellableItem-7042113","Entity-SellableItem-7042114","Entity-SellableItem-7042115","Entity-SellableItem-7042116","Entity-SellableItem-7042117","Entity-SellableItem-7042118","Entity-SellableItem-7042119","Entity-SellableItem-7042121","Entity-SellableItem-7042123","Entity-SellableItem-7042124","Entity-SellableItem-7042126","Entity-SellableItem-7042127","Entity-SellableItem-7042128","Entity-SellableItem-7042129","Entity-SellableItem-7042130","Entity-SellableItem-7042131","Entity-SellableItem-7042132","Entity-SellableItem-7042133","Entity-SellableItem-7042134","Entity-SellableItem-7042136","Entity-SellableItem-7042137","Entity-SellableItem-7042138","Entity-SellableItem-7042139","Entity-SellableItem-7042140","Entity-SellableItem-7042141","Entity-SellableItem-7042142","Entity-SellableItem-7042143","Entity-SellableItem-7042144","Entity-SellableItem-7042145","Entity-SellableItem-7042146","Entity-SellableItem-7042147","Entity-SellableItem-7042148","Entity-SellableItem-7042149","Entity-SellableItem-7042150","Entity-SellableItem-7042151","Entity-SellableItem-7042152","Entity-SellableItem-7042153","Entity-SellableItem-7042154","Entity-SellableItem-7042155","Entity-SellableItem-7042156","Entity-SellableItem-7042157","Entity-SellableItem-7042158","Entity-SellableItem-7042159","Entity-SellableItem-7042160","Entity-SellableItem-7042161","Entity-SellableItem-7042162","Entity-SellableItem-7042163","Entity-SellableItem-7042164","Entity-SellableItem-7042165","Entity-SellableItem-7042166","Entity-SellableItem-7042167","Entity-SellableItem-7042168"]},"RelationshipType":"CategoryToSellableItem"},{"$type":"Sitecore.Commerce.Plugin.Catalog.ImportRelationshipsArgument, Sitecore.Commerce.Plugin.Catalog","SourceId":"Entity-Category-Habitat_Master-Point and shoot","SourceEntityVersion":1,"TargetIds":{"$type":"System.Collections.Generic.List`1[[System.String, mscorlib]], mscorlib","$values":["Entity-SellableItem-7042066","Entity-SellableItem-7042071","Entity-SellableItem-7042072","Entity-SellableItem-7042073"]},"RelationshipType":"CategoryToSellableItem"}]}