{"$type":"System.Collections.Generic.List`1[[Sitecore.Commerce.Plugin.Catalog.ImportRelationshipsArgument, Sitecore.Commerce.Plugin.Catalog]], mscorlib","$values":[{"$type":"Sitecore.Commerce.Plugin.Catalog.ImportRelationshipsArgument, Sitecore.Commerce.Plugin.Catalog","SourceId":"Entity-SellableItem-7042169","SourceEntityVersion":1,"TargetIds":{"$type":"System.Collections.Generic.List`1[[System.String, mscorlib]], mscorlib","$values":["Entity-SellableItem-6042064","Entity-SellableItem-7042082","Entity-SellableItem-6042183","Entity-SellableItem-6042962","Entity-SellableItem-6042963","Entity-SellableItem-6042430","Entity-SellableItem-6042986","Entity-SellableItem-6042886","Entity-SellableItem-6042402","Entity-SellableItem-6042325","Entity-SellableItem-6042283"]},"RelationshipType":"RelatedSellableItemToSellableItem"},{"$type":"Sitecore.Commerce.Plugin.Catalog.ImportRelationshipsArgument, Sitecore.Commerce.Plugin.Catalog","SourceId":"Entity-Category-Habitat_Master-Computers and Tablets","SourceEntityVersion":1,"TargetIds":{"$type":"System.Collections.Generic.List`1[[System.String, mscorlib]], mscorlib","$values":["Entity-Category-Habitat_Master-Laptops","Entity-Category-Habitat_Master-2 in 1","Entity-Category-Habitat_Master-Tablets","Entity-Category-Habitat_Master-eReaders","Entity-Category-Habitat_Master-Kid s Tablets","Entity-Category-Habitat_Master-Desktops","Entity-Category-Habitat_Master-All In One","Entity-Category-Habitat_Master-Desktop Packages"]},"RelationshipType":"CategoryToCategory"},{"$type":"Sitecore.Commerce.Plugin.Catalog.ImportRelationshipsArgument, Sitecore.Commerce.Plugin.Catalog","SourceId":"Entity-Category-Habitat_Master-Computers and Tablets","SourceEntityVersion":1,"TargetIds":{"$type":"System.Collections.Generic.List`1[[System.String, mscorlib]], mscorlib","$values":["Entity-SellableItem-6042175","Entity-SellableItem-6042176","Entity-SellableItem-6042177","Entity-SellableItem-6042178","Entity-SellableItem-6042179","Entity-SellableItem-6042180","Entity-SellableItem-6042181","Entity-SellableItem-6042182","Entity-SellableItem-6042183","Entity-SellableItem-6042184","Entity-SellableItem-6042185","Entity-SellableItem-6042186","Entity-SellableItem-6042187","Entity-SellableItem-6042188","Entity-SellableItem-6042189","Entity-SellableItem-6042190","Entity-SellableItem-6042191","Entity-SellableItem-6042192","Entity-SellableItem-6042193","Entity-SellableItem-6042194","Entity-SellableItem-6042195","Entity-SellableItem-6042196","Entity-SellableItem-6042197","Entity-SellableItem-6042198","Entity-SellableItem-6042199","Entity-SellableItem-6042200","Entity-SellableItem-6042201","Entity-SellableItem-6042202","Entity-SellableItem-6042203","Entity-SellableItem-6042204","Entity-SellableItem-6042205","Entity-SellableItem-6042206","Entity-SellableItem-6042207","Entity-SellableItem-6042208","Entity-SellableItem-6042209","Entity-SellableItem-6042210","Entity-SellableItem-6042211","Entity-SellableItem-6042212","Entity-SellableItem-6042213","Entity-SellableItem-6042214","Entity-SellableItem-6042215","Entity-SellableItem-6042216","Entity-SellableItem-6042217","Entity-SellableItem-6042218","Entity-SellableItem-6042219","Entity-SellableItem-6042220","Entity-SellableItem-6042221","Entity-SellableItem-6042222","Entity-SellableItem-6042227","Entity-SellableItem-6042232","Entity-SellableItem-6042235","Entity-SellableItem-6042236","Entity-SellableItem-6042237","Entity-SellableItem-6042238","Entity-SellableItem-6042239","Entity-SellableItem-6042240","Entity-SellableItem-6042241","Entity-SellableItem-6042242","Entity-SellableItem-6042243","Entity-SellableItem-6042244","Entity-SellableItem-6042245","Entity-SellableItem-6042246","Entity-SellableItem-6042247","Entity-SellableItem-6042248","Entity-SellableItem-6042249","Entity-SellableItem-6042250","Entity-SellableItem-6042251"]},"RelationshipType":"CategoryToSellableItem"},{"$type":"Sitecore.Commerce.Plugin.Catalog.ImportRelationshipsArgument, Sitecore.Commerce.Plugin.Catalog","SourceId":"Entity-Category-Habitat_Master-Laptops","SourceEntityVersion":1,"TargetIds":{"$type":"System.Collections.Generic.List`1[[System.String, mscorlib]], mscorlib","$values":["Entity-SellableItem-6042175","Entity-SellableItem-6042176","Entity-SellableItem-6042177","Entity-SellableItem-6042178","Entity-SellableItem-6042179","Entity-SellableItem-6042180","Entity-SellableItem-6042181","Entity-SellableItem-6042182","Entity-SellableItem-6042183","Entity-SellableItem-6042184","Entity-SellableItem-6042185"]},"RelationshipType":"CategoryToSellableItem"},{"$type":"Sitecore.Commerce.Plugin.Catalog.ImportRelationshipsArgument, Sitecore.Commerce.Plugin.Catalog","SourceId":"Entity-SellableItem-6042175","SourceEntityVersion":1,"TargetIds":{"$type":"System.Collections.Generic.List`1[[System.String, mscorlib]], mscorlib","$values":["Entity-SellableItem-6042068","Entity-SellableItem-6042105","Entity-SellableItem-7042082","Entity-SellableItem-6042183","Entity-SellableItem-6042962","Entity-SellableItem-6042430","Entity-SellableItem-6042986","Entity-SellableItem-6042886","Entity-SellableItem-6042325"]},"RelationshipType":"RelatedSellableItemToSellableItem"},{"$type":"Sitecore.Commerce.Plugin.Catalog.ImportRelationshipsArgument, Sitecore.Commerce.Plugin.Catalog","SourceId":"Entity-SellableItem-6042175","SourceEntityVersion":1,"TargetIds":{"$type":"System.Collections.Generic.List`1[[System.String, mscorlib]], mscorlib","$values":["Entity-SellableItem-6042251"]},"RelationshipType":"TrainingSellableItemToSellableItem"},{"$type":"Sitecore.Commerce.Plugin.Catalog.ImportRelationshipsArgument, Sitecore.Commerce.Plugin.Catalog","SourceId":"Entity-SellableItem-6042175","SourceEntityVersion":1,"TargetIds":{"$type":"System.Collections.Generic.List`1[[System.String, mscorlib]], mscorlib","$values":["Entity-SellableItem-6042254"]},"RelationshipType":"WarrantySellableItemToSellableItem"},{"$type":"Sitecore.Commerce.Plugin.Catalog.ImportRelationshipsArgument, Sitecore.Commerce.Plugin.Catalog","SourceId":"Entity-SellableItem-6042176","SourceEntityVersion":1,"TargetIds":{"$type":"System.Collections.Generic.List`1[[System.String, mscorlib]], mscorlib","$values":["Entity-SellableItem-6042068","Entity-SellableItem-6042105","Entity-SellableItem-7042082","Entity-SellableItem-6042183","Entity-SellableItem-6042962","Entity-SellableItem-6042430","Entity-SellableItem-6042986","Entity-SellableItem-6042886","Entity-SellableItem-6042325"]},"RelationshipType":"RelatedSellableItemToSellableItem"},{"$type":"Sitecore.Commerce.Plugin.Catalog.ImportRelationshipsArgument, Sitecore.Commerce.Plugin.Catalog","SourceId":"Entity-SellableItem-6042176","SourceEntityVersion":1,"TargetIds":{"$type":"System.Collections.Generic.List`1[[System.String, mscorlib]], mscorlib","$values":["Entity-SellableItem-6042251"]},"RelationshipType":"TrainingSellableItemToSellableItem"},{"$type":"Sitecore.Commerce.Plugin.Catalog.ImportRelationshipsArgument, Sitecore.Commerce.Plugin.Catalog","SourceId":"Entity-SellableItem-6042176","SourceEntityVersion":1,"TargetIds":{"$type":"System.Collections.Generic.List`1[[System.String, mscorlib]], mscorlib","$values":["Entity-SellableItem-6042254"]},"RelationshipType":"WarrantySellableItemToSellableItem"}]}