{"$type":"System.Collections.Generic.List`1[[Sitecore.Commerce.Plugin.Catalog.Catalog, Sitecore.Commerce.Plugin.Catalog]], mscorlib","$values":[{"$type":"Sitecore.Commerce.Plugin.Catalog.Catalog, Sitecore.Commerce.Plugin.Catalog","PriceBookName":"","PromotionBookName":"","DefaultInventorySetName":"Adventure Works Inventory","SitecoreId":"6341f64d-8213-fdda-402e-df49207158a4","ChildrenCategoryList":"7e75f9d5-312d-0a20-64a5-a87cb7b1c384|fc63c52f-2f4a-c6f6-2c0e-32ee86b028c7","ChildrenSellableItemList":"538d0eaa-fb75-87b0-403a-0d5ddff5090e|8e28ffe1-de8e-cc98-9e87-d857b1acd183","IsBundle":false,"Components":{"$type":"System.Collections.Generic.List`1[[Sitecore.Commerce.Core.Component, Sitecore.Commerce.Core]], mscorlib","$values":[{"$type":"Sitecore.Commerce.Plugin.Catalog.ItemDefinitionsComponent, Sitecore.Commerce.Plugin.Catalog","Definitions":{"$type":"System.Collections.Generic.List`1[[System.String, mscorlib]], mscorlib","$values":["Backpack","Boots","Carabiner","Crampon","GiftCard","GiftCardV2","GiftWrap","Harness","ItemBundle","Pants","Parka","Product","Rockshoes","Shirts","SleepingBag","Supplies","Tents"]},"Id":"fc9abf81609245edac8362371d47cb70","Name":"","Comments":"","Policies":{"$type":"System.Collections.Generic.List`1[[Sitecore.Commerce.Core.Policy, Sitecore.Commerce.Core]], mscorlib","$values":[]},"ChildComponents":{"$type":"System.Collections.Generic.List`1[[Sitecore.Commerce.Core.Component, Sitecore.Commerce.Core]], mscorlib","$values":[]}}]},"DateCreated":"2020-05-13T18:43:49.1090487+00:00","DateUpdated":"2016-11-22T20:35:02+00:00","DisplayName":"Adventure Works Catalog","FriendlyId":"Adventure Works Catalog","Id":"Entity-Catalog-Adventure Works Catalog","Version":0,"EntityVersion":1,"Published":true,"IsPersisted":false,"Name":"Adventure Works Catalog","UniqueId":"00000000-0000-0000-0000-000000000000","Policies":{"$type":"System.Collections.Generic.List`1[[Sitecore.Commerce.Core.Policy, Sitecore.Commerce.Core]], mscorlib","$values":[]}}]}