{"$type":"System.Collections.Generic.List`1[[Sitecore.Commerce.Plugin.Catalog.SellableItem, Sitecore.Commerce.Plugin.Catalog]], mscorlib","$values":[{"$type":"Sitecore.Commerce.Plugin.Catalog.SellableItem, Sitecore.Commerce.Plugin.Catalog","Description":"Hinged crampons for snow and moderate ice, step-in bindings, one size fits men's 4-12.","ProductId":"AW099 15","Brand":"","Manufacturer":"","TypeOfGood":"","Tags":{"$type":"System.Collections.Generic.List`1[[Sitecore.Commerce.Core.Tag, Sitecore.Commerce.Core]], mscorlib","$values":[]},"SitecoreId":"538d0eaa-fb75-87b0-403a-0d5ddff5090e","CatalogToEntityList":"6341f64d-8213-fdda-402e-df49207158a4","ParentCatalogList":"6341f64d-8213-fdda-402e-df49207158a4","IsBundle":false,"Components":{"$type":"System.Collections.Generic.List`1[[Sitecore.Commerce.Core.Component, Sitecore.Commerce.Core]], mscorlib","$values":[{"$type":"Sitecore.Commerce.Plugin.Catalog.CatalogsComponent, Sitecore.Commerce.Plugin.Catalog","Id":"b6bc5fcf29ee494e9a49377932c7a85a","Name":"","Comments":"","Policies":{"$type":"System.Collections.Generic.List`1[[Sitecore.Commerce.Core.Policy, Sitecore.Commerce.Core]], mscorlib","$values":[]},"ChildComponents":{"$type":"System.Collections.Generic.List`1[[Sitecore.Commerce.Core.Component, Sitecore.Commerce.Core]], mscorlib","$values":[{"$type":"Sitecore.Commerce.Plugin.Catalog.CatalogComponent, Sitecore.Commerce.Plugin.Catalog","ItemDefinition":"Crampon","Id":"fe16e707cebb46fd8eab3c2255b6f957","Name":"Adventure Works Catalog","Comments":"","Policies":{"$type":"System.Collections.Generic.List`1[[Sitecore.Commerce.Core.Policy, Sitecore.Commerce.Core]], mscorlib","$values":[]},"ChildComponents":{"$type":"System.Collections.Generic.List`1[[Sitecore.Commerce.Core.Component, Sitecore.Commerce.Core]], mscorlib","$values":[]}}]}},{"$type":"Sitecore.Commerce.Core.MessagesComponent, Sitecore.Commerce.Core","Messages":{"$type":"System.Collections.Generic.List`1[[Sitecore.Commerce.Core.MessageModel, Sitecore.Commerce.Core]], mscorlib","$values":[{"$type":"Sitecore.Commerce.Core.MessageModel, Sitecore.Commerce.Core","Code":"MigrationMessage","Text":"Migrated from product with ProductId='AW099-15' in catalog 'Adventure Works Catalog'","Id":"ac204334fb39413c82896ec575590699"}]},"Id":"b5afa889aba940e4ab614d799929681b","Name":"","Comments":"","Policies":{"$type":"System.Collections.Generic.List`1[[Sitecore.Commerce.Core.Policy, Sitecore.Commerce.Core]], mscorlib","$values":[]},"ChildComponents":{"$type":"System.Collections.Generic.List`1[[Sitecore.Commerce.Core.Component, Sitecore.Commerce.Core]], mscorlib","$values":[]}},{"$type":"Sitecore.Commerce.Plugin.Catalog.ImagesComponent, Sitecore.Commerce.Plugin.Catalog","Images":{"$type":"System.Collections.Generic.List`1[[System.String, mscorlib]], mscorlib","$values":["7e634ed4-f074-44a7-b47a-3100c532d7fa"]},"Id":"2e16a50154ab402fbb4a192d5780bb5b","Name":"","Comments":"","Policies":{"$type":"System.Collections.Generic.List`1[[Sitecore.Commerce.Core.Policy, Sitecore.Commerce.Core]], mscorlib","$values":[]},"ChildComponents":{"$type":"System.Collections.Generic.List`1[[Sitecore.Commerce.Core.Component, Sitecore.Commerce.Core]], mscorlib","$values":[]}},{"$type":"Sitecore.Commerce.Plugin.Inventory.InventoryComponent, Sitecore.Commerce.Plugin.Inventory","InventoryAssociations":{"$type":"System.Collections.Generic.List`1[[Sitecore.Commerce.Plugin.Inventory.InventoryAssociation, Sitecore.Commerce.Plugin.Inventory]], mscorlib","$values":[{"$type":"Sitecore.Commerce.Plugin.Inventory.InventoryAssociation, Sitecore.Commerce.Plugin.Inventory","InventoryInformation":{"$type":"Sitecore.Commerce.Core.EntityReference, Sitecore.Commerce.Core","Name":"","EntityTarget":"Entity-InventoryInformation-Adventure Works Inventory-AW099 15","EntityTargetUniqueId":"00000000-0000-0000-0000-000000000000","Policies":{"$type":"System.Collections.Generic.List`1[[Sitecore.Commerce.Core.Policy, Sitecore.Commerce.Core]], mscorlib","$values":[]}},"InventorySet":{"$type":"Sitecore.Commerce.Core.EntityReference, Sitecore.Commerce.Core","Name":"","EntityTarget":"Entity-InventorySet-Adventure Works Inventory","EntityTargetUniqueId":"00000000-0000-0000-0000-000000000000","Policies":{"$type":"System.Collections.Generic.List`1[[Sitecore.Commerce.Core.Policy, Sitecore.Commerce.Core]], mscorlib","$values":[]}},"Name":"","Policies":{"$type":"System.Collections.Generic.List`1[[Sitecore.Commerce.Core.Policy, Sitecore.Commerce.Core]], mscorlib","$values":[]}}]},"Id":"19d1577e26f04555a111ae157d2651a3","Name":"","Comments":"","Policies":{"$type":"System.Collections.Generic.List`1[[Sitecore.Commerce.Core.Policy, Sitecore.Commerce.Core]], mscorlib","$values":[]},"ChildComponents":{"$type":"System.Collections.Generic.List`1[[Sitecore.Commerce.Core.Component, Sitecore.Commerce.Core]], mscorlib","$values":[]}}]},"DateCreated":"2020-05-13T18:43:49.1425521+00:00","DateUpdated":"2016-11-23T18:51:19+00:00","DisplayName":"Venus","FriendlyId":"AW099 15","Id":"Entity-SellableItem-AW099 15","Version":0,"EntityVersion":1,"Published":true,"IsPersisted":false,"Name":"Venus","UniqueId":"00000000-0000-0000-0000-000000000000","Policies":{"$type":"System.Collections.Generic.List`1[[Sitecore.Commerce.Core.Policy, Sitecore.Commerce.Core]], mscorlib","$values":[{"$type":"Sitecore.Commerce.Plugin.Pricing.ListPricingPolicy, Sitecore.Commerce.Plugin.Pricing","Prices":{"$type":"System.Collections.Generic.List`1[[Sitecore.Commerce.Core.Money, Sitecore.Commerce.Core]], mscorlib","$values":[{"$type":"Sitecore.Commerce.Core.Money, Sitecore.Commerce.Core","CurrencyCode":"USD","Amount":99.0000}]},"PolicyId":"9a983803afca44a19eb5c3be5321e367","Models":{"$type":"System.Collections.Generic.List`1[[Sitecore.Commerce.Core.Model, Sitecore.Commerce.Core]], mscorlib","$values":[]}}]}},{"$type":"Sitecore.Commerce.Plugin.Catalog.SellableItem, Sitecore.Commerce.Plugin.Catalog","Description":"Hiking/trekking nontechnical crampons, hinged frames, straps included, one size fits men's 5-12","ProductId":"AW109 15","Brand":"","Manufacturer":"","TypeOfGood":"","Tags":{"$type":"System.Collections.Generic.List`1[[Sitecore.Commerce.Core.Tag, Sitecore.Commerce.Core]], mscorlib","$values":[{"$type":"Sitecore.Commerce.Core.Tag, Sitecore.Commerce.Core","Excluded":false,"Name":"adventure works","Policies":{"$type":"System.Collections.Generic.List`1[[Sitecore.Commerce.Core.Policy, Sitecore.Commerce.Core]], mscorlib","$values":[]}}]},"SitecoreId":"f32ea091-610f-f98b-8e81-7e26e486d4fe","ParentCatalogList":"6341f64d-8213-fdda-402e-df49207158a4","ParentCategoryList":"ebc27e08-18c9-fd42-3222-fac8cdc2b0b3","IsBundle":false,"Components":{"$type":"System.Collections.Generic.List`1[[Sitecore.Commerce.Core.Component, Sitecore.Commerce.Core]], mscorlib","$values":[{"$type":"Sitecore.Commerce.Plugin.Catalog.CatalogsComponent, Sitecore.Commerce.Plugin.Catalog","Id":"82ecd2d1ebc34776bdf24436551852f7","Name":"","Comments":"","Policies":{"$type":"System.Collections.Generic.List`1[[Sitecore.Commerce.Core.Policy, Sitecore.Commerce.Core]], mscorlib","$values":[]},"ChildComponents":{"$type":"System.Collections.Generic.List`1[[Sitecore.Commerce.Core.Component, Sitecore.Commerce.Core]], mscorlib","$values":[{"$type":"Sitecore.Commerce.Plugin.Catalog.CatalogComponent, Sitecore.Commerce.Plugin.Catalog","ItemDefinition":"Crampon","Id":"e31bafa800ba49cbbabb13caabd723da","Name":"Adventure Works Catalog","Comments":"","Policies":{"$type":"System.Collections.Generic.List`1[[Sitecore.Commerce.Core.Policy, Sitecore.Commerce.Core]], mscorlib","$values":[]},"ChildComponents":{"$type":"System.Collections.Generic.List`1[[Sitecore.Commerce.Core.Component, Sitecore.Commerce.Core]], mscorlib","$values":[]}}]}},{"$type":"Sitecore.Commerce.Core.MessagesComponent, Sitecore.Commerce.Core","Messages":{"$type":"System.Collections.Generic.List`1[[Sitecore.Commerce.Core.MessageModel, Sitecore.Commerce.Core]], mscorlib","$values":[{"$type":"Sitecore.Commerce.Core.MessageModel, Sitecore.Commerce.Core","Code":"MigrationMessage","Text":"Migrated from product with ProductId='AW109-15' in catalog 'Adventure Works Catalog'","Id":"b4ac562f5fcf44be993f399d795abcfc"}]},"Id":"990f17b23930415bacc0d4224588905c","Name":"","Comments":"","Policies":{"$type":"System.Collections.Generic.List`1[[Sitecore.Commerce.Core.Policy, Sitecore.Commerce.Core]], mscorlib","$values":[]},"ChildComponents":{"$type":"System.Collections.Generic.List`1[[Sitecore.Commerce.Core.Component, Sitecore.Commerce.Core]], mscorlib","$values":[]}},{"$type":"Sitecore.Commerce.Plugin.Catalog.ImagesComponent, Sitecore.Commerce.Plugin.Catalog","Images":{"$type":"System.Collections.Generic.List`1[[System.String, mscorlib]], mscorlib","$values":["4b21c793-b9a1-48cb-acb6-34e07d641d99"]},"Id":"6ce3b8d38fe442e980b85770b234432b","Name":"","Comments":"","Policies":{"$type":"System.Collections.Generic.List`1[[Sitecore.Commerce.Core.Policy, Sitecore.Commerce.Core]], mscorlib","$values":[]},"ChildComponents":{"$type":"System.Collections.Generic.List`1[[Sitecore.Commerce.Core.Component, Sitecore.Commerce.Core]], mscorlib","$values":[]}},{"$type":"Sitecore.Commerce.Plugin.Inventory.InventoryComponent, Sitecore.Commerce.Plugin.Inventory","InventoryAssociations":{"$type":"System.Collections.Generic.List`1[[Sitecore.Commerce.Plugin.Inventory.InventoryAssociation, Sitecore.Commerce.Plugin.Inventory]], mscorlib","$values":[{"$type":"Sitecore.Commerce.Plugin.Inventory.InventoryAssociation, Sitecore.Commerce.Plugin.Inventory","InventoryInformation":{"$type":"Sitecore.Commerce.Core.EntityReference, Sitecore.Commerce.Core","Name":"","EntityTarget":"Entity-InventoryInformation-Adventure Works Inventory-AW109 15","EntityTargetUniqueId":"00000000-0000-0000-0000-000000000000","Policies":{"$type":"System.Collections.Generic.List`1[[Sitecore.Commerce.Core.Policy, Sitecore.Commerce.Core]], mscorlib","$values":[]}},"InventorySet":{"$type":"Sitecore.Commerce.Core.EntityReference, Sitecore.Commerce.Core","Name":"","EntityTarget":"Entity-InventorySet-Adventure Works Inventory","EntityTargetUniqueId":"00000000-0000-0000-0000-000000000000","Policies":{"$type":"System.Collections.Generic.List`1[[Sitecore.Commerce.Core.Policy, Sitecore.Commerce.Core]], mscorlib","$values":[]}},"Name":"","Policies":{"$type":"System.Collections.Generic.List`1[[Sitecore.Commerce.Core.Policy, Sitecore.Commerce.Core]], mscorlib","$values":[]}}]},"Id":"eea069f092f64642ba62b9da06f75663","Name":"","Comments":"","Policies":{"$type":"System.Collections.Generic.List`1[[Sitecore.Commerce.Core.Policy, Sitecore.Commerce.Core]], mscorlib","$values":[]},"ChildComponents":{"$type":"System.Collections.Generic.List`1[[Sitecore.Commerce.Core.Component, Sitecore.Commerce.Core]], mscorlib","$values":[]}}]},"DateCreated":"2020-05-13T18:43:49.1630503+00:00","DateUpdated":"2016-11-23T18:51:19+00:00","DisplayName":"Wafflestomper","FriendlyId":"AW109 15","Id":"Entity-SellableItem-AW109 15","Version":0,"EntityVersion":1,"Published":true,"IsPersisted":false,"Name":"Wafflestomper","UniqueId":"00000000-0000-0000-0000-000000000000","Policies":{"$type":"System.Collections.Generic.List`1[[Sitecore.Commerce.Core.Policy, Sitecore.Commerce.Core]], mscorlib","$values":[{"$type":"Sitecore.Commerce.Plugin.Pricing.ListPricingPolicy, Sitecore.Commerce.Plugin.Pricing","Prices":{"$type":"System.Collections.Generic.List`1[[Sitecore.Commerce.Core.Money, Sitecore.Commerce.Core]], mscorlib","$values":[{"$type":"Sitecore.Commerce.Core.Money, Sitecore.Commerce.Core","CurrencyCode":"USD","Amount":109.0000}]},"PolicyId":"c4a23435d4cf401f8773db012ce70f53","Models":{"$type":"System.Collections.Generic.List`1[[Sitecore.Commerce.Core.Model, Sitecore.Commerce.Core]], mscorlib","$values":[]}}]}},{"$type":"Sitecore.Commerce.Plugin.Catalog.SellableItem, Sitecore.Commerce.Plugin.Catalog","Description":"Classic technical ice-climbing crampons, rigid, mono points available, one size fits men's 5-14.","ProductId":"AW145 15","Brand":"","Manufacturer":"","TypeOfGood":"","Tags":{"$type":"System.Collections.Generic.List`1[[Sitecore.Commerce.Core.Tag, Sitecore.Commerce.Core]], mscorlib","$values":[{"$type":"Sitecore.Commerce.Core.Tag, Sitecore.Commerce.Core","Excluded":false,"Name":"adventure works","Policies":{"$type":"System.Collections.Generic.List`1[[Sitecore.Commerce.Core.Policy, Sitecore.Commerce.Core]], mscorlib","$values":[]}},{"$type":"Sitecore.Commerce.Core.Tag, Sitecore.Commerce.Core","Excluded":false,"Name":"adventure works variants","Policies":{"$type":"System.Collections.Generic.List`1[[Sitecore.Commerce.Core.Policy, Sitecore.Commerce.Core]], mscorlib","$values":[]}}]},"SitecoreId":"dd7fea25-c1b0-0706-84be-0b7b848bb6df","ParentCatalogList":"6341f64d-8213-fdda-402e-df49207158a4","ParentCategoryList":"ebc27e08-18c9-fd42-3222-fac8cdc2b0b3|f3ffa386-927e-19ac-0c6a-cbca545710ec|fc63c52f-2f4a-c6f6-2c0e-32ee86b028c7","IsBundle":false,"Components":{"$type":"System.Collections.Generic.List`1[[Sitecore.Commerce.Core.Component, Sitecore.Commerce.Core]], mscorlib","$values":[{"$type":"Sitecore.Commerce.Plugin.Catalog.CatalogsComponent, Sitecore.Commerce.Plugin.Catalog","Id":"be360c6d9f3741b088497f32baf73564","Name":"","Comments":"","Policies":{"$type":"System.Collections.Generic.List`1[[Sitecore.Commerce.Core.Policy, Sitecore.Commerce.Core]], mscorlib","$values":[]},"ChildComponents":{"$type":"System.Collections.Generic.List`1[[Sitecore.Commerce.Core.Component, Sitecore.Commerce.Core]], mscorlib","$values":[{"$type":"Sitecore.Commerce.Plugin.Catalog.CatalogComponent, Sitecore.Commerce.Plugin.Catalog","ItemDefinition":"Crampon","Id":"98915bb8d0d843c2b82ee91374cdc5fd","Name":"Adventure Works Catalog","Comments":"","Policies":{"$type":"System.Collections.Generic.List`1[[Sitecore.Commerce.Core.Policy, Sitecore.Commerce.Core]], mscorlib","$values":[]},"ChildComponents":{"$type":"System.Collections.Generic.List`1[[Sitecore.Commerce.Core.Component, Sitecore.Commerce.Core]], mscorlib","$values":[]}}]}},{"$type":"Sitecore.Commerce.Core.MessagesComponent, Sitecore.Commerce.Core","Messages":{"$type":"System.Collections.Generic.List`1[[Sitecore.Commerce.Core.MessageModel, Sitecore.Commerce.Core]], mscorlib","$values":[{"$type":"Sitecore.Commerce.Core.MessageModel, Sitecore.Commerce.Core","Code":"MigrationMessage","Text":"Migrated from product with ProductId='AW145-15' in catalog 'Adventure Works Catalog'","Id":"6b7e685faeab4bc19990a987134f994e"}]},"Id":"37340684edec4119a5965fd4dc99a8bf","Name":"","Comments":"","Policies":{"$type":"System.Collections.Generic.List`1[[Sitecore.Commerce.Core.Policy, Sitecore.Commerce.Core]], mscorlib","$values":[]},"ChildComponents":{"$type":"System.Collections.Generic.List`1[[Sitecore.Commerce.Core.Component, Sitecore.Commerce.Core]], mscorlib","$values":[]}},{"$type":"Sitecore.Commerce.Plugin.Catalog.ImagesComponent, Sitecore.Commerce.Plugin.Catalog","Images":{"$type":"System.Collections.Generic.List`1[[System.String, mscorlib]], mscorlib","$values":["68475c14-15b3-4102-925a-8ccc7d947815"]},"Id":"547e7be9cb454802b7048b682bc2adbb","Name":"","Comments":"","Policies":{"$type":"System.Collections.Generic.List`1[[Sitecore.Commerce.Core.Policy, Sitecore.Commerce.Core]], mscorlib","$values":[]},"ChildComponents":{"$type":"System.Collections.Generic.List`1[[Sitecore.Commerce.Core.Component, Sitecore.Commerce.Core]], mscorlib","$values":[]}},{"$type":"Sitecore.Commerce.Plugin.Inventory.InventoryComponent, Sitecore.Commerce.Plugin.Inventory","InventoryAssociations":{"$type":"System.Collections.Generic.List`1[[Sitecore.Commerce.Plugin.Inventory.InventoryAssociation, Sitecore.Commerce.Plugin.Inventory]], mscorlib","$values":[{"$type":"Sitecore.Commerce.Plugin.Inventory.InventoryAssociation, Sitecore.Commerce.Plugin.Inventory","InventoryInformation":{"$type":"Sitecore.Commerce.Core.EntityReference, Sitecore.Commerce.Core","Name":"","EntityTarget":"Entity-InventoryInformation-Adventure Works Inventory-AW145 15","EntityTargetUniqueId":"00000000-0000-0000-0000-000000000000","Policies":{"$type":"System.Collections.Generic.List`1[[Sitecore.Commerce.Core.Policy, Sitecore.Commerce.Core]], mscorlib","$values":[]}},"InventorySet":{"$type":"Sitecore.Commerce.Core.EntityReference, Sitecore.Commerce.Core","Name":"","EntityTarget":"Entity-InventorySet-Adventure Works Inventory","EntityTargetUniqueId":"00000000-0000-0000-0000-000000000000","Policies":{"$type":"System.Collections.Generic.List`1[[Sitecore.Commerce.Core.Policy, Sitecore.Commerce.Core]], mscorlib","$values":[]}},"Name":"","Policies":{"$type":"System.Collections.Generic.List`1[[Sitecore.Commerce.Core.Policy, Sitecore.Commerce.Core]], mscorlib","$values":[]}}]},"Id":"9666d08e288645cca8dfdc5297252f69","Name":"","Comments":"","Policies":{"$type":"System.Collections.Generic.List`1[[Sitecore.Commerce.Core.Policy, Sitecore.Commerce.Core]], mscorlib","$values":[]},"ChildComponents":{"$type":"System.Collections.Generic.List`1[[Sitecore.Commerce.Core.Component, Sitecore.Commerce.Core]], mscorlib","$values":[]}}]},"DateCreated":"2020-05-13T18:43:49.1675484+00:00","DateUpdated":"2016-11-23T18:51:19+00:00","DisplayName":"Edgehugger","FriendlyId":"AW145 15","Id":"Entity-SellableItem-AW145 15","Version":0,"EntityVersion":1,"Published":true,"IsPersisted":false,"Name":"Edgehugger","UniqueId":"00000000-0000-0000-0000-000000000000","Policies":{"$type":"System.Collections.Generic.List`1[[Sitecore.Commerce.Core.Policy, Sitecore.Commerce.Core]], mscorlib","$values":[{"$type":"Sitecore.Commerce.Plugin.Pricing.ListPricingPolicy, Sitecore.Commerce.Plugin.Pricing","Prices":{"$type":"System.Collections.Generic.List`1[[Sitecore.Commerce.Core.Money, Sitecore.Commerce.Core]], mscorlib","$values":[{"$type":"Sitecore.Commerce.Core.Money, Sitecore.Commerce.Core","CurrencyCode":"USD","Amount":145.0000}]},"PolicyId":"261c972c2b4741ca8b7fe07777e62cda","Models":{"$type":"System.Collections.Generic.List`1[[Sitecore.Commerce.Core.Model, Sitecore.Commerce.Core]], mscorlib","$values":[]}}]}},{"$type":"Sitecore.Commerce.Plugin.Catalog.SellableItem, Sitecore.Commerce.Plugin.Catalog","Description":"Mixed ice and waterfall-climbing crampons, step-in bindings, rigid, vertically oriented front point.","ProductId":"AW149 15","Brand":"","Manufacturer":"","TypeOfGood":"","Tags":{"$type":"System.Collections.Generic.List`1[[Sitecore.Commerce.Core.Tag, Sitecore.Commerce.Core]], mscorlib","$values":[{"$type":"Sitecore.Commerce.Core.Tag, Sitecore.Commerce.Core","Excluded":false,"Name":"adventure works","Policies":{"$type":"System.Collections.Generic.List`1[[Sitecore.Commerce.Core.Policy, Sitecore.Commerce.Core]], mscorlib","$values":[]}},{"$type":"Sitecore.Commerce.Core.Tag, Sitecore.Commerce.Core","Excluded":false,"Name":"adventure works 2","Policies":{"$type":"System.Collections.Generic.List`1[[Sitecore.Commerce.Core.Policy, Sitecore.Commerce.Core]], mscorlib","$values":[]}},{"$type":"Sitecore.Commerce.Core.Tag, Sitecore.Commerce.Core","Excluded":false,"Name":"adventure works variants","Policies":{"$type":"System.Collections.Generic.List`1[[Sitecore.Commerce.Core.Policy, Sitecore.Commerce.Core]], mscorlib","$values":[]}}]},"SitecoreId":"3296b289-7869-2f39-d335-98b21a0cb5af","ParentCatalogList":"6341f64d-8213-fdda-402e-df49207158a4","ParentCategoryList":"ebc27e08-18c9-fd42-3222-fac8cdc2b0b3|f3ffa386-927e-19ac-0c6a-cbca545710ec","IsBundle":false,"Components":{"$type":"System.Collections.Generic.List`1[[Sitecore.Commerce.Core.Component, Sitecore.Commerce.Core]], mscorlib","$values":[{"$type":"Sitecore.Commerce.Plugin.Catalog.CatalogsComponent, Sitecore.Commerce.Plugin.Catalog","Id":"c5940e1c94b14c3b9192ea9f92073616","Name":"","Comments":"","Policies":{"$type":"System.Collections.Generic.List`1[[Sitecore.Commerce.Core.Policy, Sitecore.Commerce.Core]], mscorlib","$values":[]},"ChildComponents":{"$type":"System.Collections.Generic.List`1[[Sitecore.Commerce.Core.Component, Sitecore.Commerce.Core]], mscorlib","$values":[{"$type":"Sitecore.Commerce.Plugin.Catalog.CatalogComponent, Sitecore.Commerce.Plugin.Catalog","ItemDefinition":"Crampon","Id":"5292745baccc4b568f3fb4da77136796","Name":"Adventure Works Catalog","Comments":"","Policies":{"$type":"System.Collections.Generic.List`1[[Sitecore.Commerce.Core.Policy, Sitecore.Commerce.Core]], mscorlib","$values":[]},"ChildComponents":{"$type":"System.Collections.Generic.List`1[[Sitecore.Commerce.Core.Component, Sitecore.Commerce.Core]], mscorlib","$values":[]}}]}},{"$type":"Sitecore.Commerce.Core.MessagesComponent, Sitecore.Commerce.Core","Messages":{"$type":"System.Collections.Generic.List`1[[Sitecore.Commerce.Core.MessageModel, Sitecore.Commerce.Core]], mscorlib","$values":[{"$type":"Sitecore.Commerce.Core.MessageModel, Sitecore.Commerce.Core","Code":"MigrationMessage","Text":"Migrated from product with ProductId='AW149-15' in catalog 'Adventure Works Catalog'","Id":"5b0491d579934bfd82681c6bf402344b"}]},"Id":"c00272ed91fb438cbd95c6fbceaea913","Name":"","Comments":"","Policies":{"$type":"System.Collections.Generic.List`1[[Sitecore.Commerce.Core.Policy, Sitecore.Commerce.Core]], mscorlib","$values":[]},"ChildComponents":{"$type":"System.Collections.Generic.List`1[[Sitecore.Commerce.Core.Component, Sitecore.Commerce.Core]], mscorlib","$values":[]}},{"$type":"Sitecore.Commerce.Plugin.Catalog.ImagesComponent, Sitecore.Commerce.Plugin.Catalog","Images":{"$type":"System.Collections.Generic.List`1[[System.String, mscorlib]], mscorlib","$values":["d6632d4c-e893-4f2d-8de6-fa3fab347d9b"]},"Id":"314acae1227b41a7923964ed49f3b335","Name":"","Comments":"","Policies":{"$type":"System.Collections.Generic.List`1[[Sitecore.Commerce.Core.Policy, Sitecore.Commerce.Core]], mscorlib","$values":[]},"ChildComponents":{"$type":"System.Collections.Generic.List`1[[Sitecore.Commerce.Core.Component, Sitecore.Commerce.Core]], mscorlib","$values":[]}},{"$type":"Sitecore.Commerce.Plugin.Inventory.InventoryComponent, Sitecore.Commerce.Plugin.Inventory","InventoryAssociations":{"$type":"System.Collections.Generic.List`1[[Sitecore.Commerce.Plugin.Inventory.InventoryAssociation, Sitecore.Commerce.Plugin.Inventory]], mscorlib","$values":[{"$type":"Sitecore.Commerce.Plugin.Inventory.InventoryAssociation, Sitecore.Commerce.Plugin.Inventory","InventoryInformation":{"$type":"Sitecore.Commerce.Core.EntityReference, Sitecore.Commerce.Core","Name":"","EntityTarget":"Entity-InventoryInformation-Adventure Works Inventory-AW149 15","EntityTargetUniqueId":"00000000-0000-0000-0000-000000000000","Policies":{"$type":"System.Collections.Generic.List`1[[Sitecore.Commerce.Core.Policy, Sitecore.Commerce.Core]], mscorlib","$values":[]}},"InventorySet":{"$type":"Sitecore.Commerce.Core.EntityReference, Sitecore.Commerce.Core","Name":"","EntityTarget":"Entity-InventorySet-Adventure Works Inventory","EntityTargetUniqueId":"00000000-0000-0000-0000-000000000000","Policies":{"$type":"System.Collections.Generic.List`1[[Sitecore.Commerce.Core.Policy, Sitecore.Commerce.Core]], mscorlib","$values":[]}},"Name":"","Policies":{"$type":"System.Collections.Generic.List`1[[Sitecore.Commerce.Core.Policy, Sitecore.Commerce.Core]], mscorlib","$values":[]}}]},"Id":"23ad6c39706b4ef68b63796024140a95","Name":"","Comments":"","Policies":{"$type":"System.Collections.Generic.List`1[[Sitecore.Commerce.Core.Policy, Sitecore.Commerce.Core]], mscorlib","$values":[]},"ChildComponents":{"$type":"System.Collections.Generic.List`1[[Sitecore.Commerce.Core.Component, Sitecore.Commerce.Core]], mscorlib","$values":[]}}]},"DateCreated":"2020-05-13T18:43:49.1680513+00:00","DateUpdated":"2016-11-23T18:51:19+00:00","DisplayName":"Glory Grip","FriendlyId":"AW149 15","Id":"Entity-SellableItem-AW149 15","Version":0,"EntityVersion":1,"Published":true,"IsPersisted":false,"Name":"Glory Grip","UniqueId":"00000000-0000-0000-0000-000000000000","Policies":{"$type":"System.Collections.Generic.List`1[[Sitecore.Commerce.Core.Policy, Sitecore.Commerce.Core]], mscorlib","$values":[{"$type":"Sitecore.Commerce.Plugin.Pricing.ListPricingPolicy, Sitecore.Commerce.Plugin.Pricing","Prices":{"$type":"System.Collections.Generic.List`1[[Sitecore.Commerce.Core.Money, Sitecore.Commerce.Core]], mscorlib","$values":[{"$type":"Sitecore.Commerce.Core.Money, Sitecore.Commerce.Core","CurrencyCode":"USD","Amount":149.0000}]},"PolicyId":"309de8c8bc9948bb904f6d6d3a555392","Models":{"$type":"System.Collections.Generic.List`1[[Sitecore.Commerce.Core.Model, Sitecore.Commerce.Core]], mscorlib","$values":[]}}]}},{"$type":"Sitecore.Commerce.Plugin.Catalog.SellableItem, Sitecore.Commerce.Plugin.Catalog","Description":"Straight","ProductId":"AW013 08","Brand":"","Manufacturer":"","TypeOfGood":"","Tags":{"$type":"System.Collections.Generic.List`1[[Sitecore.Commerce.Core.Tag, Sitecore.Commerce.Core]], mscorlib","$values":[]},"SitecoreId":"8e28ffe1-de8e-cc98-9e87-d857b1acd183","CatalogToEntityList":"6341f64d-8213-fdda-402e-df49207158a4","ParentCatalogList":"6341f64d-8213-fdda-402e-df49207158a4","IsBundle":false,"Components":{"$type":"System.Collections.Generic.List`1[[Sitecore.Commerce.Core.Component, Sitecore.Commerce.Core]], mscorlib","$values":[{"$type":"Sitecore.Commerce.Plugin.Catalog.CatalogsComponent, Sitecore.Commerce.Plugin.Catalog","Id":"51f9024b09e248bd9dc9c300eb82a3b5","Name":"","Comments":"","Policies":{"$type":"System.Collections.Generic.List`1[[Sitecore.Commerce.Core.Policy, Sitecore.Commerce.Core]], mscorlib","$values":[]},"ChildComponents":{"$type":"System.Collections.Generic.List`1[[Sitecore.Commerce.Core.Component, Sitecore.Commerce.Core]], mscorlib","$values":[{"$type":"Sitecore.Commerce.Plugin.Catalog.CatalogComponent, Sitecore.Commerce.Plugin.Catalog","ItemDefinition":"Carabiner","Id":"6005c3cadbb146b7a80b05e0987e90b7","Name":"Adventure Works Catalog","Comments":"","Policies":{"$type":"System.Collections.Generic.List`1[[Sitecore.Commerce.Core.Policy, Sitecore.Commerce.Core]], mscorlib","$values":[]},"ChildComponents":{"$type":"System.Collections.Generic.List`1[[Sitecore.Commerce.Core.Component, Sitecore.Commerce.Core]], mscorlib","$values":[]}}]}},{"$type":"Sitecore.Commerce.Core.MessagesComponent, Sitecore.Commerce.Core","Messages":{"$type":"System.Collections.Generic.List`1[[Sitecore.Commerce.Core.MessageModel, Sitecore.Commerce.Core]], mscorlib","$values":[{"$type":"Sitecore.Commerce.Core.MessageModel, Sitecore.Commerce.Core","Code":"MigrationMessage","Text":"Migrated from product with ProductId='AW013-08' in catalog 'Adventure Works Catalog'","Id":"fc77bbc9248247a98f2ff942a7165728"}]},"Id":"4378a786127546ff9b287dc7a998872a","Name":"","Comments":"","Policies":{"$type":"System.Collections.Generic.List`1[[Sitecore.Commerce.Core.Policy, Sitecore.Commerce.Core]], mscorlib","$values":[]},"ChildComponents":{"$type":"System.Collections.Generic.List`1[[Sitecore.Commerce.Core.Component, Sitecore.Commerce.Core]], mscorlib","$values":[]}},{"$type":"Sitecore.Commerce.Plugin.Catalog.ImagesComponent, Sitecore.Commerce.Plugin.Catalog","Images":{"$type":"System.Collections.Generic.List`1[[System.String, mscorlib]], mscorlib","$values":["f6ba4fec-07e7-4c69-858e-6acd5eba4c1b","b68aa055-6d2b-4835-b5c4-add4b055ba51","862937ab-b45c-43f7-af3f-f7377a258ef5"]},"Id":"f4e5244b986541df9c0a2fe2dc412fde","Name":"","Comments":"","Policies":{"$type":"System.Collections.Generic.List`1[[Sitecore.Commerce.Core.Policy, Sitecore.Commerce.Core]], mscorlib","$values":[]},"ChildComponents":{"$type":"System.Collections.Generic.List`1[[Sitecore.Commerce.Core.Component, Sitecore.Commerce.Core]], mscorlib","$values":[]}},{"$type":"Sitecore.Commerce.Plugin.Inventory.InventoryComponent, Sitecore.Commerce.Plugin.Inventory","InventoryAssociations":{"$type":"System.Collections.Generic.List`1[[Sitecore.Commerce.Plugin.Inventory.InventoryAssociation, Sitecore.Commerce.Plugin.Inventory]], mscorlib","$values":[{"$type":"Sitecore.Commerce.Plugin.Inventory.InventoryAssociation, Sitecore.Commerce.Plugin.Inventory","InventoryInformation":{"$type":"Sitecore.Commerce.Core.EntityReference, Sitecore.Commerce.Core","Name":"","EntityTarget":"Entity-InventoryInformation-Adventure Works Inventory-AW013 08","EntityTargetUniqueId":"00000000-0000-0000-0000-000000000000","Policies":{"$type":"System.Collections.Generic.List`1[[Sitecore.Commerce.Core.Policy, Sitecore.Commerce.Core]], mscorlib","$values":[]}},"InventorySet":{"$type":"Sitecore.Commerce.Core.EntityReference, Sitecore.Commerce.Core","Name":"","EntityTarget":"Entity-InventorySet-Adventure Works Inventory","EntityTargetUniqueId":"00000000-0000-0000-0000-000000000000","Policies":{"$type":"System.Collections.Generic.List`1[[Sitecore.Commerce.Core.Policy, Sitecore.Commerce.Core]], mscorlib","$values":[]}},"Name":"","Policies":{"$type":"System.Collections.Generic.List`1[[Sitecore.Commerce.Core.Policy, Sitecore.Commerce.Core]], mscorlib","$values":[]}}]},"Id":"3a63c6f85404427cbf14357469e9349c","Name":"","Comments":"","Policies":{"$type":"System.Collections.Generic.List`1[[Sitecore.Commerce.Core.Policy, Sitecore.Commerce.Core]], mscorlib","$values":[]},"ChildComponents":{"$type":"System.Collections.Generic.List`1[[Sitecore.Commerce.Core.Component, Sitecore.Commerce.Core]], mscorlib","$values":[]}}]},"DateCreated":"2020-05-13T18:43:49.1680513+00:00","DateUpdated":"2016-11-23T18:51:22+00:00","DisplayName":"Petzl Spirit","FriendlyId":"AW013 08","Id":"Entity-SellableItem-AW013 08","Version":0,"EntityVersion":1,"Published":true,"IsPersisted":false,"Name":"Petzl Spirit","UniqueId":"00000000-0000-0000-0000-000000000000","Policies":{"$type":"System.Collections.Generic.List`1[[Sitecore.Commerce.Core.Policy, Sitecore.Commerce.Core]], mscorlib","$values":[{"$type":"Sitecore.Commerce.Plugin.Pricing.ListPricingPolicy, Sitecore.Commerce.Plugin.Pricing","Prices":{"$type":"System.Collections.Generic.List`1[[Sitecore.Commerce.Core.Money, Sitecore.Commerce.Core]], mscorlib","$values":[{"$type":"Sitecore.Commerce.Core.Money, Sitecore.Commerce.Core","CurrencyCode":"USD","Amount":13.0000}]},"PolicyId":"3477a0e7c83c45489aeaeaa2c892e4b8","Models":{"$type":"System.Collections.Generic.List`1[[Sitecore.Commerce.Core.Model, Sitecore.Commerce.Core]], mscorlib","$values":[]}}]}},{"$type":"Sitecore.Commerce.Plugin.Catalog.SellableItem, Sitecore.Commerce.Plugin.Catalog","Description":"Straight","ProductId":"AW014 08","Brand":"","Manufacturer":"","TypeOfGood":"","Tags":{"$type":"System.Collections.Generic.List`1[[Sitecore.Commerce.Core.Tag, Sitecore.Commerce.Core]], mscorlib","$values":[{"$type":"Sitecore.Commerce.Core.Tag, Sitecore.Commerce.Core","Excluded":false,"Name":"adventure works","Policies":{"$type":"System.Collections.Generic.List`1[[Sitecore.Commerce.Core.Policy, Sitecore.Commerce.Core]], mscorlib","$values":[]}}]},"SitecoreId":"1817e0dd-1434-13f0-4382-0f50a0db6d2c","ParentCatalogList":"6341f64d-8213-fdda-402e-df49207158a4","ParentCategoryList":"ae6681db-9e53-809c-2de9-6199c90adb3b","IsBundle":false,"Components":{"$type":"System.Collections.Generic.List`1[[Sitecore.Commerce.Core.Component, Sitecore.Commerce.Core]], mscorlib","$values":[{"$type":"Sitecore.Commerce.Plugin.Catalog.CatalogsComponent, Sitecore.Commerce.Plugin.Catalog","Id":"5622bb34f90a419eaba2440bad92f9f2","Name":"","Comments":"","Policies":{"$type":"System.Collections.Generic.List`1[[Sitecore.Commerce.Core.Policy, Sitecore.Commerce.Core]], mscorlib","$values":[]},"ChildComponents":{"$type":"System.Collections.Generic.List`1[[Sitecore.Commerce.Core.Component, Sitecore.Commerce.Core]], mscorlib","$values":[{"$type":"Sitecore.Commerce.Plugin.Catalog.CatalogComponent, Sitecore.Commerce.Plugin.Catalog","ItemDefinition":"Carabiner","Id":"20d1f78c81404e0187720978d965bbad","Name":"Adventure Works Catalog","Comments":"","Policies":{"$type":"System.Collections.Generic.List`1[[Sitecore.Commerce.Core.Policy, Sitecore.Commerce.Core]], mscorlib","$values":[]},"ChildComponents":{"$type":"System.Collections.Generic.List`1[[Sitecore.Commerce.Core.Component, Sitecore.Commerce.Core]], mscorlib","$values":[]}}]}},{"$type":"Sitecore.Commerce.Core.MessagesComponent, Sitecore.Commerce.Core","Messages":{"$type":"System.Collections.Generic.List`1[[Sitecore.Commerce.Core.MessageModel, Sitecore.Commerce.Core]], mscorlib","$values":[{"$type":"Sitecore.Commerce.Core.MessageModel, Sitecore.Commerce.Core","Code":"MigrationMessage","Text":"Migrated from product with ProductId='AW014-08' in catalog 'Adventure Works Catalog'","Id":"c5354933d4db4e54839e80feb43f074d"}]},"Id":"3e28adb92de04ed9a4944952fd82ae84","Name":"","Comments":"","Policies":{"$type":"System.Collections.Generic.List`1[[Sitecore.Commerce.Core.Policy, Sitecore.Commerce.Core]], mscorlib","$values":[]},"ChildComponents":{"$type":"System.Collections.Generic.List`1[[Sitecore.Commerce.Core.Component, Sitecore.Commerce.Core]], mscorlib","$values":[]}},{"$type":"Sitecore.Commerce.Plugin.Catalog.ImagesComponent, Sitecore.Commerce.Plugin.Catalog","Images":{"$type":"System.Collections.Generic.List`1[[System.String, mscorlib]], mscorlib","$values":["c4885306-5e14-4b99-9e9a-03351f277631","98a96aab-89c5-4062-8152-2bc23019b2c1","d7a075dc-3b69-4c36-b578-514367c25bea","7c6aef1d-735c-45e1-befb-628d5fb3b546"]},"Id":"06bc52a05bfd42859cbbace1c0978c60","Name":"","Comments":"","Policies":{"$type":"System.Collections.Generic.List`1[[Sitecore.Commerce.Core.Policy, Sitecore.Commerce.Core]], mscorlib","$values":[]},"ChildComponents":{"$type":"System.Collections.Generic.List`1[[Sitecore.Commerce.Core.Component, Sitecore.Commerce.Core]], mscorlib","$values":[]}},{"$type":"Sitecore.Commerce.Plugin.Inventory.InventoryComponent, Sitecore.Commerce.Plugin.Inventory","InventoryAssociations":{"$type":"System.Collections.Generic.List`1[[Sitecore.Commerce.Plugin.Inventory.InventoryAssociation, Sitecore.Commerce.Plugin.Inventory]], mscorlib","$values":[{"$type":"Sitecore.Commerce.Plugin.Inventory.InventoryAssociation, Sitecore.Commerce.Plugin.Inventory","InventoryInformation":{"$type":"Sitecore.Commerce.Core.EntityReference, Sitecore.Commerce.Core","Name":"","EntityTarget":"Entity-InventoryInformation-Adventure Works Inventory-AW014 08","EntityTargetUniqueId":"00000000-0000-0000-0000-000000000000","Policies":{"$type":"System.Collections.Generic.List`1[[Sitecore.Commerce.Core.Policy, Sitecore.Commerce.Core]], mscorlib","$values":[]}},"InventorySet":{"$type":"Sitecore.Commerce.Core.EntityReference, Sitecore.Commerce.Core","Name":"","EntityTarget":"Entity-InventorySet-Adventure Works Inventory","EntityTargetUniqueId":"00000000-0000-0000-0000-000000000000","Policies":{"$type":"System.Collections.Generic.List`1[[Sitecore.Commerce.Core.Policy, Sitecore.Commerce.Core]], mscorlib","$values":[]}},"Name":"","Policies":{"$type":"System.Collections.Generic.List`1[[Sitecore.Commerce.Core.Policy, Sitecore.Commerce.Core]], mscorlib","$values":[]}}]},"Id":"7ef7a43ff58541d4abb3f5fb95208d14","Name":"","Comments":"","Policies":{"$type":"System.Collections.Generic.List`1[[Sitecore.Commerce.Core.Policy, Sitecore.Commerce.Core]], mscorlib","$values":[]},"ChildComponents":{"$type":"System.Collections.Generic.List`1[[Sitecore.Commerce.Core.Component, Sitecore.Commerce.Core]], mscorlib","$values":[]}}]},"DateCreated":"2020-05-13T18:43:49.168551+00:00","DateUpdated":"2016-11-23T18:51:22+00:00","DisplayName":"Petzl Spirit","FriendlyId":"AW014 08","Id":"Entity-SellableItem-AW014 08","Version":0,"EntityVersion":1,"Published":true,"IsPersisted":false,"Name":"Petzl Spirit","UniqueId":"00000000-0000-0000-0000-000000000000","Policies":{"$type":"System.Collections.Generic.List`1[[Sitecore.Commerce.Core.Policy, Sitecore.Commerce.Core]], mscorlib","$values":[{"$type":"Sitecore.Commerce.Plugin.Pricing.ListPricingPolicy, Sitecore.Commerce.Plugin.Pricing","Prices":{"$type":"System.Collections.Generic.List`1[[Sitecore.Commerce.Core.Money, Sitecore.Commerce.Core]], mscorlib","$values":[{"$type":"Sitecore.Commerce.Core.Money, Sitecore.Commerce.Core","CurrencyCode":"USD","Amount":14.0000}]},"PolicyId":"3ee108c4e21f4134936af5a3ba683030","Models":{"$type":"System.Collections.Generic.List`1[[Sitecore.Commerce.Core.Model, Sitecore.Commerce.Core]], mscorlib","$values":[]}},{"$type":"Sitecore.Commerce.Plugin.Pricing.PriceCardPolicy, Sitecore.Commerce.Plugin.Pricing","PriceCardName":"AdventureWorksPriceCard","PolicyId":"f2e51c4f0d114a02ab500f6a1364eb83","Models":{"$type":"System.Collections.Generic.List`1[[Sitecore.Commerce.Core.Model, Sitecore.Commerce.Core]], mscorlib","$values":[]}}]}},{"$type":"Sitecore.Commerce.Plugin.Catalog.SellableItem, Sitecore.Commerce.Plugin.Catalog","Description":"Straight","ProductId":"AW007 08","Brand":"","Manufacturer":"","TypeOfGood":"","Tags":{"$type":"System.Collections.Generic.List`1[[Sitecore.Commerce.Core.Tag, Sitecore.Commerce.Core]], mscorlib","$values":[]},"SitecoreId":"6ec98285-3556-cd55-65d1-72252be34af5","ParentCatalogList":"6341f64d-8213-fdda-402e-df49207158a4","ParentCategoryList":"f3ffa386-927e-19ac-0c6a-cbca545710ec|ae6681db-9e53-809c-2de9-6199c90adb3b","IsBundle":false,"Components":{"$type":"System.Collections.Generic.List`1[[Sitecore.Commerce.Core.Component, Sitecore.Commerce.Core]], mscorlib","$values":[{"$type":"Sitecore.Commerce.Plugin.Catalog.CatalogsComponent, Sitecore.Commerce.Plugin.Catalog","Id":"bf98f619ad7d4499a57048d58d5057e3","Name":"","Comments":"","Policies":{"$type":"System.Collections.Generic.List`1[[Sitecore.Commerce.Core.Policy, Sitecore.Commerce.Core]], mscorlib","$values":[]},"ChildComponents":{"$type":"System.Collections.Generic.List`1[[Sitecore.Commerce.Core.Component, Sitecore.Commerce.Core]], mscorlib","$values":[{"$type":"Sitecore.Commerce.Plugin.Catalog.CatalogComponent, Sitecore.Commerce.Plugin.Catalog","ItemDefinition":"Carabiner","Id":"73cba83aaaa348d0984f74d9115e7a72","Name":"Adventure Works Catalog","Comments":"","Policies":{"$type":"System.Collections.Generic.List`1[[Sitecore.Commerce.Core.Policy, Sitecore.Commerce.Core]], mscorlib","$values":[]},"ChildComponents":{"$type":"System.Collections.Generic.List`1[[Sitecore.Commerce.Core.Component, Sitecore.Commerce.Core]], mscorlib","$values":[]}}]}},{"$type":"Sitecore.Commerce.Core.MessagesComponent, Sitecore.Commerce.Core","Messages":{"$type":"System.Collections.Generic.List`1[[Sitecore.Commerce.Core.MessageModel, Sitecore.Commerce.Core]], mscorlib","$values":[{"$type":"Sitecore.Commerce.Core.MessageModel, Sitecore.Commerce.Core","Code":"MigrationMessage","Text":"Migrated from product with ProductId='AW007-08' in catalog 'Adventure Works Catalog'","Id":"c33e1b304f9f47bf8dbc37aec38a7026"}]},"Id":"ea968200402242839bbcd3b127a56365","Name":"","Comments":"","Policies":{"$type":"System.Collections.Generic.List`1[[Sitecore.Commerce.Core.Policy, Sitecore.Commerce.Core]], mscorlib","$values":[]},"ChildComponents":{"$type":"System.Collections.Generic.List`1[[Sitecore.Commerce.Core.Component, Sitecore.Commerce.Core]], mscorlib","$values":[]}},{"$type":"Sitecore.Commerce.Plugin.Catalog.ImagesComponent, Sitecore.Commerce.Plugin.Catalog","Images":{"$type":"System.Collections.Generic.List`1[[System.String, mscorlib]], mscorlib","$values":["5fd8d2b4-c486-4dd5-b135-bb77e7329b7e","8dab3569-be2a-4332-8078-b3d775a49d6a","4d7c5ffa-bd9f-4cd4-b89c-07025185ed33","79efe6fc-c38d-4ec9-b8b0-e9c81e12e5a6"]},"Id":"fadfca600d404952901214494ba8b51a","Name":"","Comments":"","Policies":{"$type":"System.Collections.Generic.List`1[[Sitecore.Commerce.Core.Policy, Sitecore.Commerce.Core]], mscorlib","$values":[]},"ChildComponents":{"$type":"System.Collections.Generic.List`1[[Sitecore.Commerce.Core.Component, Sitecore.Commerce.Core]], mscorlib","$values":[]}},{"$type":"Sitecore.Commerce.Plugin.Inventory.InventoryComponent, Sitecore.Commerce.Plugin.Inventory","InventoryAssociations":{"$type":"System.Collections.Generic.List`1[[Sitecore.Commerce.Plugin.Inventory.InventoryAssociation, Sitecore.Commerce.Plugin.Inventory]], mscorlib","$values":[{"$type":"Sitecore.Commerce.Plugin.Inventory.InventoryAssociation, Sitecore.Commerce.Plugin.Inventory","InventoryInformation":{"$type":"Sitecore.Commerce.Core.EntityReference, Sitecore.Commerce.Core","Name":"","EntityTarget":"Entity-InventoryInformation-Adventure Works Inventory-AW007 08","EntityTargetUniqueId":"00000000-0000-0000-0000-000000000000","Policies":{"$type":"System.Collections.Generic.List`1[[Sitecore.Commerce.Core.Policy, Sitecore.Commerce.Core]], mscorlib","$values":[]}},"InventorySet":{"$type":"Sitecore.Commerce.Core.EntityReference, Sitecore.Commerce.Core","Name":"","EntityTarget":"Entity-InventorySet-Adventure Works Inventory","EntityTargetUniqueId":"00000000-0000-0000-0000-000000000000","Policies":{"$type":"System.Collections.Generic.List`1[[Sitecore.Commerce.Core.Policy, Sitecore.Commerce.Core]], mscorlib","$values":[]}},"Name":"","Policies":{"$type":"System.Collections.Generic.List`1[[Sitecore.Commerce.Core.Policy, Sitecore.Commerce.Core]], mscorlib","$values":[]}}]},"Id":"15bcabb9f001442c85d29c82e06be33a","Name":"","Comments":"","Policies":{"$type":"System.Collections.Generic.List`1[[Sitecore.Commerce.Core.Policy, Sitecore.Commerce.Core]], mscorlib","$values":[]},"ChildComponents":{"$type":"System.Collections.Generic.List`1[[Sitecore.Commerce.Core.Component, Sitecore.Commerce.Core]], mscorlib","$values":[]}}]},"DateCreated":"2020-05-13T18:43:49.168551+00:00","DateUpdated":"2016-11-23T18:51:22+00:00","DisplayName":"Black Diamond Quicksilver II","FriendlyId":"AW007 08","Id":"Entity-SellableItem-AW007 08","Version":0,"EntityVersion":1,"Published":true,"IsPersisted":false,"Name":"Black Diamond Quicksilver II","UniqueId":"00000000-0000-0000-0000-000000000000","Policies":{"$type":"System.Collections.Generic.List`1[[Sitecore.Commerce.Core.Policy, Sitecore.Commerce.Core]], mscorlib","$values":[{"$type":"Sitecore.Commerce.Plugin.Pricing.ListPricingPolicy, Sitecore.Commerce.Plugin.Pricing","Prices":{"$type":"System.Collections.Generic.List`1[[Sitecore.Commerce.Core.Money, Sitecore.Commerce.Core]], mscorlib","$values":[{"$type":"Sitecore.Commerce.Core.Money, Sitecore.Commerce.Core","CurrencyCode":"USD","Amount":7.0000}]},"PolicyId":"9a9d0d60cac742f0a17f42a0cc5521c0","Models":{"$type":"System.Collections.Generic.List`1[[Sitecore.Commerce.Core.Model, Sitecore.Commerce.Core]], mscorlib","$values":[]}}]}},{"$type":"Sitecore.Commerce.Plugin.Catalog.SellableItem, Sitecore.Commerce.Plugin.Catalog","Description":"Straight","ProductId":"AW009 08","Brand":"","Manufacturer":"","TypeOfGood":"","Tags":{"$type":"System.Collections.Generic.List`1[[Sitecore.Commerce.Core.Tag, Sitecore.Commerce.Core]], mscorlib","$values":[]},"SitecoreId":"042b7b6f-4d7a-74dc-6ead-89b7109368e0","ParentCatalogList":"6341f64d-8213-fdda-402e-df49207158a4","ParentCategoryList":"f3ffa386-927e-19ac-0c6a-cbca545710ec","IsBundle":false,"Components":{"$type":"System.Collections.Generic.List`1[[Sitecore.Commerce.Core.Component, Sitecore.Commerce.Core]], mscorlib","$values":[{"$type":"Sitecore.Commerce.Plugin.Catalog.CatalogsComponent, Sitecore.Commerce.Plugin.Catalog","Id":"0ebd9a71db6648ada05d3f3c843f984c","Name":"","Comments":"","Policies":{"$type":"System.Collections.Generic.List`1[[Sitecore.Commerce.Core.Policy, Sitecore.Commerce.Core]], mscorlib","$values":[]},"ChildComponents":{"$type":"System.Collections.Generic.List`1[[Sitecore.Commerce.Core.Component, Sitecore.Commerce.Core]], mscorlib","$values":[{"$type":"Sitecore.Commerce.Plugin.Catalog.CatalogComponent, Sitecore.Commerce.Plugin.Catalog","ItemDefinition":"Carabiner","Id":"d6bd96ef447e4befb2370d3655989b43","Name":"Adventure Works Catalog","Comments":"","Policies":{"$type":"System.Collections.Generic.List`1[[Sitecore.Commerce.Core.Policy, Sitecore.Commerce.Core]], mscorlib","$values":[]},"ChildComponents":{"$type":"System.Collections.Generic.List`1[[Sitecore.Commerce.Core.Component, Sitecore.Commerce.Core]], mscorlib","$values":[]}}]}},{"$type":"Sitecore.Commerce.Core.MessagesComponent, Sitecore.Commerce.Core","Messages":{"$type":"System.Collections.Generic.List`1[[Sitecore.Commerce.Core.MessageModel, Sitecore.Commerce.Core]], mscorlib","$values":[{"$type":"Sitecore.Commerce.Core.MessageModel, Sitecore.Commerce.Core","Code":"MigrationMessage","Text":"Migrated from product with ProductId='AW009-08' in catalog 'Adventure Works Catalog'","Id":"b699de1d3b9c4eb0a4d30fa7bf920ba6"}]},"Id":"422d3d22d9ab4fff91742afde9a35ce7","Name":"","Comments":"","Policies":{"$type":"System.Collections.Generic.List`1[[Sitecore.Commerce.Core.Policy, Sitecore.Commerce.Core]], mscorlib","$values":[]},"ChildComponents":{"$type":"System.Collections.Generic.List`1[[Sitecore.Commerce.Core.Component, Sitecore.Commerce.Core]], mscorlib","$values":[]}},{"$type":"Sitecore.Commerce.Plugin.Catalog.ImagesComponent, Sitecore.Commerce.Plugin.Catalog","Images":{"$type":"System.Collections.Generic.List`1[[System.String, mscorlib]], mscorlib","$values":["5fd8d2b4-c486-4dd5-b135-bb77e7329b7e","8dab3569-be2a-4332-8078-b3d775a49d6a","4d7c5ffa-bd9f-4cd4-b89c-07025185ed33","79efe6fc-c38d-4ec9-b8b0-e9c81e12e5a6"]},"Id":"17a526b2b04d4769b38fc50591367fdd","Name":"","Comments":"","Policies":{"$type":"System.Collections.Generic.List`1[[Sitecore.Commerce.Core.Policy, Sitecore.Commerce.Core]], mscorlib","$values":[]},"ChildComponents":{"$type":"System.Collections.Generic.List`1[[Sitecore.Commerce.Core.Component, Sitecore.Commerce.Core]], mscorlib","$values":[]}},{"$type":"Sitecore.Commerce.Plugin.Inventory.InventoryComponent, Sitecore.Commerce.Plugin.Inventory","InventoryAssociations":{"$type":"System.Collections.Generic.List`1[[Sitecore.Commerce.Plugin.Inventory.InventoryAssociation, Sitecore.Commerce.Plugin.Inventory]], mscorlib","$values":[{"$type":"Sitecore.Commerce.Plugin.Inventory.InventoryAssociation, Sitecore.Commerce.Plugin.Inventory","InventoryInformation":{"$type":"Sitecore.Commerce.Core.EntityReference, Sitecore.Commerce.Core","Name":"","EntityTarget":"Entity-InventoryInformation-Adventure Works Inventory-AW009 08","EntityTargetUniqueId":"00000000-0000-0000-0000-000000000000","Policies":{"$type":"System.Collections.Generic.List`1[[Sitecore.Commerce.Core.Policy, Sitecore.Commerce.Core]], mscorlib","$values":[]}},"InventorySet":{"$type":"Sitecore.Commerce.Core.EntityReference, Sitecore.Commerce.Core","Name":"","EntityTarget":"Entity-InventorySet-Adventure Works Inventory","EntityTargetUniqueId":"00000000-0000-0000-0000-000000000000","Policies":{"$type":"System.Collections.Generic.List`1[[Sitecore.Commerce.Core.Policy, Sitecore.Commerce.Core]], mscorlib","$values":[]}},"Name":"","Policies":{"$type":"System.Collections.Generic.List`1[[Sitecore.Commerce.Core.Policy, Sitecore.Commerce.Core]], mscorlib","$values":[]}}]},"Id":"9f2592ef669e420ab2e7ab5131610c01","Name":"","Comments":"","Policies":{"$type":"System.Collections.Generic.List`1[[Sitecore.Commerce.Core.Policy, Sitecore.Commerce.Core]], mscorlib","$values":[]},"ChildComponents":{"$type":"System.Collections.Generic.List`1[[Sitecore.Commerce.Core.Component, Sitecore.Commerce.Core]], mscorlib","$values":[]}}]},"DateCreated":"2020-05-13T18:43:49.1690518+00:00","DateUpdated":"2016-11-23T18:51:22+00:00","DisplayName":"Black Diamond Quicksilver II","FriendlyId":"AW009 08","Id":"Entity-SellableItem-AW009 08","Version":0,"EntityVersion":1,"Published":true,"IsPersisted":false,"Name":"Black Diamond Quicksilver II","UniqueId":"00000000-0000-0000-0000-000000000000","Policies":{"$type":"System.Collections.Generic.List`1[[Sitecore.Commerce.Core.Policy, Sitecore.Commerce.Core]], mscorlib","$values":[{"$type":"Sitecore.Commerce.Plugin.Pricing.ListPricingPolicy, Sitecore.Commerce.Plugin.Pricing","Prices":{"$type":"System.Collections.Generic.List`1[[Sitecore.Commerce.Core.Money, Sitecore.Commerce.Core]], mscorlib","$values":[{"$type":"Sitecore.Commerce.Core.Money, Sitecore.Commerce.Core","CurrencyCode":"USD","Amount":9.0000}]},"PolicyId":"f1a5c60890334c63b1ed6f7a922d0321","Models":{"$type":"System.Collections.Generic.List`1[[Sitecore.Commerce.Core.Model, Sitecore.Commerce.Core]], mscorlib","$values":[]}}]}},{"$type":"Sitecore.Commerce.Plugin.Catalog.SellableItem, Sitecore.Commerce.Plugin.Catalog","Description":"High-performance endurance shoes.","ProductId":"AW150 05","Brand":"","Manufacturer":"","TypeOfGood":"","Tags":{"$type":"System.Collections.Generic.List`1[[Sitecore.Commerce.Core.Tag, Sitecore.Commerce.Core]], mscorlib","$values":[]},"SitecoreId":"c9267501-934d-67d6-28c3-1fd2d22c2957","ParentCatalogList":"6341f64d-8213-fdda-402e-df49207158a4","ParentCategoryList":"f3ffa386-927e-19ac-0c6a-cbca545710ec","IsBundle":false,"Components":{"$type":"System.Collections.Generic.List`1[[Sitecore.Commerce.Core.Component, Sitecore.Commerce.Core]], mscorlib","$values":[{"$type":"Sitecore.Commerce.Plugin.Catalog.CatalogsComponent, Sitecore.Commerce.Plugin.Catalog","Id":"0a4036e6cb7b46a4bf1420fbd600e1ae","Name":"","Comments":"","Policies":{"$type":"System.Collections.Generic.List`1[[Sitecore.Commerce.Core.Policy, Sitecore.Commerce.Core]], mscorlib","$values":[]},"ChildComponents":{"$type":"System.Collections.Generic.List`1[[Sitecore.Commerce.Core.Component, Sitecore.Commerce.Core]], mscorlib","$values":[{"$type":"Sitecore.Commerce.Plugin.Catalog.CatalogComponent, Sitecore.Commerce.Plugin.Catalog","ItemDefinition":"Rockshoes","Id":"aa13f27b51e84bfaaa2a415c22d6c470","Name":"Adventure Works Catalog","Comments":"","Policies":{"$type":"System.Collections.Generic.List`1[[Sitecore.Commerce.Core.Policy, Sitecore.Commerce.Core]], mscorlib","$values":[]},"ChildComponents":{"$type":"System.Collections.Generic.List`1[[Sitecore.Commerce.Core.Component, Sitecore.Commerce.Core]], mscorlib","$values":[]}}]}},{"$type":"Sitecore.Commerce.Core.MessagesComponent, Sitecore.Commerce.Core","Messages":{"$type":"System.Collections.Generic.List`1[[Sitecore.Commerce.Core.MessageModel, Sitecore.Commerce.Core]], mscorlib","$values":[{"$type":"Sitecore.Commerce.Core.MessageModel, Sitecore.Commerce.Core","Code":"MigrationMessage","Text":"Migrated from product with ProductId='AW150-05' in catalog 'Adventure Works Catalog'","Id":"2b02a683c76440eab47c21567ca54e3d"}]},"Id":"9184500d19534f6bb63b353473c15776","Name":"","Comments":"","Policies":{"$type":"System.Collections.Generic.List`1[[Sitecore.Commerce.Core.Policy, Sitecore.Commerce.Core]], mscorlib","$values":[]},"ChildComponents":{"$type":"System.Collections.Generic.List`1[[Sitecore.Commerce.Core.Component, Sitecore.Commerce.Core]], mscorlib","$values":[]}},{"$type":"Sitecore.Commerce.Plugin.Catalog.ImagesComponent, Sitecore.Commerce.Plugin.Catalog","Images":{"$type":"System.Collections.Generic.List`1[[System.String, mscorlib]], mscorlib","$values":["f14a8775-8d1f-4583-a0d4-6cb88773ccde","5f4c6ccf-d30c-4613-9f23-5f6a8cc1eb29","f3a88ff4-7725-4288-be46-6b853820a4ed"]},"Id":"52365568a96b4230baf1ec56d5398f6f","Name":"","Comments":"","Policies":{"$type":"System.Collections.Generic.List`1[[Sitecore.Commerce.Core.Policy, Sitecore.Commerce.Core]], mscorlib","$values":[]},"ChildComponents":{"$type":"System.Collections.Generic.List`1[[Sitecore.Commerce.Core.Component, Sitecore.Commerce.Core]], mscorlib","$values":[]}},{"$type":"Sitecore.Commerce.Plugin.Inventory.InventoryComponent, Sitecore.Commerce.Plugin.Inventory","InventoryAssociations":{"$type":"System.Collections.Generic.List`1[[Sitecore.Commerce.Plugin.Inventory.InventoryAssociation, Sitecore.Commerce.Plugin.Inventory]], mscorlib","$values":[{"$type":"Sitecore.Commerce.Plugin.Inventory.InventoryAssociation, Sitecore.Commerce.Plugin.Inventory","InventoryInformation":{"$type":"Sitecore.Commerce.Core.EntityReference, Sitecore.Commerce.Core","Name":"","EntityTarget":"Entity-InventoryInformation-Adventure Works Inventory-AW150 05","EntityTargetUniqueId":"00000000-0000-0000-0000-000000000000","Policies":{"$type":"System.Collections.Generic.List`1[[Sitecore.Commerce.Core.Policy, Sitecore.Commerce.Core]], mscorlib","$values":[]}},"InventorySet":{"$type":"Sitecore.Commerce.Core.EntityReference, Sitecore.Commerce.Core","Name":"","EntityTarget":"Entity-InventorySet-Adventure Works Inventory","EntityTargetUniqueId":"00000000-0000-0000-0000-000000000000","Policies":{"$type":"System.Collections.Generic.List`1[[Sitecore.Commerce.Core.Policy, Sitecore.Commerce.Core]], mscorlib","$values":[]}},"Name":"","Policies":{"$type":"System.Collections.Generic.List`1[[Sitecore.Commerce.Core.Policy, Sitecore.Commerce.Core]], mscorlib","$values":[]}}]},"Id":"37f6b70ce88546a881cbb376d0d304ea","Name":"","Comments":"","Policies":{"$type":"System.Collections.Generic.List`1[[Sitecore.Commerce.Core.Policy, Sitecore.Commerce.Core]], mscorlib","$values":[]},"ChildComponents":{"$type":"System.Collections.Generic.List`1[[Sitecore.Commerce.Core.Component, Sitecore.Commerce.Core]], mscorlib","$values":[]}}]},"DateCreated":"2020-05-13T18:43:49.1690518+00:00","DateUpdated":"2016-11-23T18:52:11+00:00","DisplayName":"Gibraltar","FriendlyId":"AW150 05","Id":"Entity-SellableItem-AW150 05","Version":0,"EntityVersion":1,"Published":true,"IsPersisted":false,"Name":"Gibraltar","UniqueId":"00000000-0000-0000-0000-000000000000","Policies":{"$type":"System.Collections.Generic.List`1[[Sitecore.Commerce.Core.Policy, Sitecore.Commerce.Core]], mscorlib","$values":[{"$type":"Sitecore.Commerce.Plugin.Pricing.ListPricingPolicy, Sitecore.Commerce.Plugin.Pricing","Prices":{"$type":"System.Collections.Generic.List`1[[Sitecore.Commerce.Core.Money, Sitecore.Commerce.Core]], mscorlib","$values":[{"$type":"Sitecore.Commerce.Core.Money, Sitecore.Commerce.Core","CurrencyCode":"USD","Amount":150.0000}]},"PolicyId":"a7e71c600bb543748cc4ad09a13fb1b7","Models":{"$type":"System.Collections.Generic.List`1[[Sitecore.Commerce.Core.Model, Sitecore.Commerce.Core]], mscorlib","$values":[]}}]}},{"$type":"Sitecore.Commerce.Plugin.Catalog.SellableItem, Sitecore.Commerce.Plugin.Catalog","Description":"Semi-flexed shoes, basic comfort.","ProductId":"AW125 05","Brand":"","Manufacturer":"","TypeOfGood":"","Tags":{"$type":"System.Collections.Generic.List`1[[Sitecore.Commerce.Core.Tag, Sitecore.Commerce.Core]], mscorlib","$values":[]},"SitecoreId":"9ff75f61-26be-02f7-fcfe-0843a58e464f","ParentCatalogList":"6341f64d-8213-fdda-402e-df49207158a4","ParentCategoryList":"956fcfd0-ad63-bba6-0f6b-63aebf6a360a","IsBundle":false,"Components":{"$type":"System.Collections.Generic.List`1[[Sitecore.Commerce.Core.Component, Sitecore.Commerce.Core]], mscorlib","$values":[{"$type":"Sitecore.Commerce.Plugin.Catalog.CatalogsComponent, Sitecore.Commerce.Plugin.Catalog","Id":"d0acea99736a4964bb0f41852b620d63","Name":"","Comments":"","Policies":{"$type":"System.Collections.Generic.List`1[[Sitecore.Commerce.Core.Policy, Sitecore.Commerce.Core]], mscorlib","$values":[]},"ChildComponents":{"$type":"System.Collections.Generic.List`1[[Sitecore.Commerce.Core.Component, Sitecore.Commerce.Core]], mscorlib","$values":[{"$type":"Sitecore.Commerce.Plugin.Catalog.CatalogComponent, Sitecore.Commerce.Plugin.Catalog","ItemDefinition":"Rockshoes","Id":"c55cf8f2c6d34439b84f8b296f273ebe","Name":"Adventure Works Catalog","Comments":"","Policies":{"$type":"System.Collections.Generic.List`1[[Sitecore.Commerce.Core.Policy, Sitecore.Commerce.Core]], mscorlib","$values":[]},"ChildComponents":{"$type":"System.Collections.Generic.List`1[[Sitecore.Commerce.Core.Component, Sitecore.Commerce.Core]], mscorlib","$values":[]}}]}},{"$type":"Sitecore.Commerce.Core.MessagesComponent, Sitecore.Commerce.Core","Messages":{"$type":"System.Collections.Generic.List`1[[Sitecore.Commerce.Core.MessageModel, Sitecore.Commerce.Core]], mscorlib","$values":[{"$type":"Sitecore.Commerce.Core.MessageModel, Sitecore.Commerce.Core","Code":"MigrationMessage","Text":"Migrated from product with ProductId='AW125-05' in catalog 'Adventure Works Catalog'","Id":"312b10e0355c49ce869fff69cecd3222"}]},"Id":"5ad1fbdc294a4fa587a24fdeac6f64f7","Name":"","Comments":"","Policies":{"$type":"System.Collections.Generic.List`1[[Sitecore.Commerce.Core.Policy, Sitecore.Commerce.Core]], mscorlib","$values":[]},"ChildComponents":{"$type":"System.Collections.Generic.List`1[[Sitecore.Commerce.Core.Component, Sitecore.Commerce.Core]], mscorlib","$values":[]}},{"$type":"Sitecore.Commerce.Plugin.Catalog.ImagesComponent, Sitecore.Commerce.Plugin.Catalog","Images":{"$type":"System.Collections.Generic.List`1[[System.String, mscorlib]], mscorlib","$values":["ee32b06d-25b0-4d9a-9328-d37d47e520f9","9c9ea61b-8bfc-46fb-8b66-4c001d560501","9c5bebac-707c-4837-b0f1-5456cad6fd47"]},"Id":"9fa9dc1a02014a979f47b716eb4f7381","Name":"","Comments":"","Policies":{"$type":"System.Collections.Generic.List`1[[Sitecore.Commerce.Core.Policy, Sitecore.Commerce.Core]], mscorlib","$values":[]},"ChildComponents":{"$type":"System.Collections.Generic.List`1[[Sitecore.Commerce.Core.Component, Sitecore.Commerce.Core]], mscorlib","$values":[]}},{"$type":"Sitecore.Commerce.Plugin.Inventory.InventoryComponent, Sitecore.Commerce.Plugin.Inventory","InventoryAssociations":{"$type":"System.Collections.Generic.List`1[[Sitecore.Commerce.Plugin.Inventory.InventoryAssociation, Sitecore.Commerce.Plugin.Inventory]], mscorlib","$values":[{"$type":"Sitecore.Commerce.Plugin.Inventory.InventoryAssociation, Sitecore.Commerce.Plugin.Inventory","InventoryInformation":{"$type":"Sitecore.Commerce.Core.EntityReference, Sitecore.Commerce.Core","Name":"","EntityTarget":"Entity-InventoryInformation-Adventure Works Inventory-AW125 05","EntityTargetUniqueId":"00000000-0000-0000-0000-000000000000","Policies":{"$type":"System.Collections.Generic.List`1[[Sitecore.Commerce.Core.Policy, Sitecore.Commerce.Core]], mscorlib","$values":[]}},"InventorySet":{"$type":"Sitecore.Commerce.Core.EntityReference, Sitecore.Commerce.Core","Name":"","EntityTarget":"Entity-InventorySet-Adventure Works Inventory","EntityTargetUniqueId":"00000000-0000-0000-0000-000000000000","Policies":{"$type":"System.Collections.Generic.List`1[[Sitecore.Commerce.Core.Policy, Sitecore.Commerce.Core]], mscorlib","$values":[]}},"Name":"","Policies":{"$type":"System.Collections.Generic.List`1[[Sitecore.Commerce.Core.Policy, Sitecore.Commerce.Core]], mscorlib","$values":[]}}]},"Id":"d1d7f6e13c0c4521b02ed008139ca66c","Name":"","Comments":"","Policies":{"$type":"System.Collections.Generic.List`1[[Sitecore.Commerce.Core.Policy, Sitecore.Commerce.Core]], mscorlib","$values":[]},"ChildComponents":{"$type":"System.Collections.Generic.List`1[[Sitecore.Commerce.Core.Component, Sitecore.Commerce.Core]], mscorlib","$values":[]}}]},"DateCreated":"2020-05-13T18:43:49.1690518+00:00","DateUpdated":"2016-11-23T18:52:11+00:00","DisplayName":"Plymouth","FriendlyId":"AW125 05","Id":"Entity-SellableItem-AW125 05","Version":0,"EntityVersion":1,"Published":true,"IsPersisted":false,"Name":"Plymouth","UniqueId":"00000000-0000-0000-0000-000000000000","Policies":{"$type":"System.Collections.Generic.List`1[[Sitecore.Commerce.Core.Policy, Sitecore.Commerce.Core]], mscorlib","$values":[{"$type":"Sitecore.Commerce.Plugin.Pricing.ListPricingPolicy, Sitecore.Commerce.Plugin.Pricing","Prices":{"$type":"System.Collections.Generic.List`1[[Sitecore.Commerce.Core.Money, Sitecore.Commerce.Core]], mscorlib","$values":[{"$type":"Sitecore.Commerce.Core.Money, Sitecore.Commerce.Core","CurrencyCode":"USD","Amount":125.0000}]},"PolicyId":"0d8e99abf462439ca523f31f72a34a3d","Models":{"$type":"System.Collections.Generic.List`1[[Sitecore.Commerce.Core.Model, Sitecore.Commerce.Core]], mscorlib","$values":[]}},{"$type":"Sitecore.Commerce.Plugin.Pricing.PriceCardPolicy, Sitecore.Commerce.Plugin.Pricing","PriceCardName":"AdventureWorksPriceCard","PolicyId":"62c61f111dad4b5c8ecaba3202a5f580","Models":{"$type":"System.Collections.Generic.List`1[[Sitecore.Commerce.Core.Model, Sitecore.Commerce.Core]], mscorlib","$values":[]}}]}}]}