{"$type":"System.Collections.Generic.List`1[[Sitecore.Commerce.Plugin.Catalog.ImportRelationshipsArgument, Sitecore.Commerce.Plugin.Catalog]], mscorlib","$values":[{"$type":"Sitecore.Commerce.Plugin.Catalog.ImportRelationshipsArgument, Sitecore.Commerce.Plugin.Catalog","SourceId":"Entity-InventorySet-Habitat_Inventory","SourceEntityVersion":1,"TargetIds":{"$type":"System.Collections.Generic.List`1[[System.String, mscorlib]], mscorlib","$values":["Entity-Catalog-Habitat_Master"]},"RelationshipType":"InventorySetToCatalog"},{"$type":"Sitecore.Commerce.Plugin.Catalog.ImportRelationshipsArgument, Sitecore.Commerce.Plugin.Catalog","SourceId":"Entity-InventorySet-Habitat_Inventory","SourceEntityVersion":1,"TargetIds":{"$type":"System.Collections.Generic.List`1[[System.String, mscorlib]], mscorlib","$values":["Entity-InventoryInformation-Habitat_Inventory-6042567-56042567","Entity-InventoryInformation-Habitat_Inventory-6042567-56042568","Entity-InventoryInformation-Habitat_Inventory-6042567-56042569","Entity-InventoryInformation-Habitat_Inventory-6042570-56042570","Entity-InventoryInformation-Habitat_Inventory-6042570-56042571","Entity-InventoryInformation-Habitat_Inventory-6042570-56042572","Entity-InventoryInformation-Habitat_Inventory-6042573-56042573","Entity-InventoryInformation-Habitat_Inventory-6042573-56042574","Entity-InventoryInformation-Habitat_Inventory-6042573-56042575","Entity-InventoryInformation-Habitat_Inventory-6042576-56042576","Entity-InventoryInformation-Habitat_Inventory-6042576-56042577","Entity-InventoryInformation-Habitat_Inventory-6042576-56042578","Entity-InventoryInformation-Habitat_Inventory-6042579-56042579","Entity-InventoryInformation-Habitat_Inventory-6042579-56042580","Entity-InventoryInformation-Habitat_Inventory-6042579-56042581","Entity-InventoryInformation-Habitat_Inventory-6042582-56042582","Entity-InventoryInformation-Habitat_Inventory-6042582-56042583","Entity-InventoryInformation-Habitat_Inventory-6042582-56042584","Entity-InventoryInformation-Habitat_Inventory-6042585-56042585","Entity-InventoryInformation-Habitat_Inventory-6042585-56042586","Entity-InventoryInformation-Habitat_Inventory-6042585-56042587","Entity-InventoryInformation-Habitat_Inventory-6042588-56042588","Entity-InventoryInformation-Habitat_Inventory-6042588-56042589","Entity-InventoryInformation-Habitat_Inventory-6042588-56042590","Entity-InventoryInformation-Habitat_Inventory-6042591-56042591","Entity-InventoryInformation-Habitat_Inventory-6042591-56042592","Entity-InventoryInformation-Habitat_Inventory-6042591-56042593","Entity-InventoryInformation-Habitat_Inventory-6042594-56042594","Entity-InventoryInformation-Habitat_Inventory-6042594-56042595","Entity-InventoryInformation-Habitat_Inventory-6042594-56042596","Entity-InventoryInformation-Habitat_Inventory-6042597-56042597","Entity-InventoryInformation-Habitat_Inventory-6042597-56042598","Entity-InventoryInformation-Habitat_Inventory-6042597-56042599","Entity-InventoryInformation-Habitat_Inventory-6042600-56042600","Entity-InventoryInformation-Habitat_Inventory-6042600-56042601","Entity-InventoryInformation-Habitat_Inventory-6042600-56042602","Entity-InventoryInformation-Habitat_Inventory-6042603-56042603","Entity-InventoryInformation-Habitat_Inventory-6042603-56042604","Entity-InventoryInformation-Habitat_Inventory-6042603-56042605","Entity-InventoryInformation-Habitat_Inventory-6042606-56042606","Entity-InventoryInformation-Habitat_Inventory-6042606-56042607","Entity-InventoryInformation-Habitat_Inventory-6042606-56042608","Entity-InventoryInformation-Habitat_Inventory-6042609-56042609","Entity-InventoryInformation-Habitat_Inventory-6042609-56042610","Entity-InventoryInformation-Habitat_Inventory-6042609-56042611","Entity-InventoryInformation-Habitat_Inventory-6042612-56042612","Entity-InventoryInformation-Habitat_Inventory-6042612-56042613","Entity-InventoryInformation-Habitat_Inventory-6042612-56042614","Entity-InventoryInformation-Habitat_Inventory-6042615-56042615","Entity-InventoryInformation-Habitat_Inventory-6042615-56042616","Entity-InventoryInformation-Habitat_Inventory-6042615-56042617","Entity-InventoryInformation-Habitat_Inventory-6042618-56042618","Entity-InventoryInformation-Habitat_Inventory-6042618-56042619","Entity-InventoryInformation-Habitat_Inventory-6042618-56042620","Entity-InventoryInformation-Habitat_Inventory-6042621-56042621","Entity-InventoryInformation-Habitat_Inventory-6042621-56042622","Entity-InventoryInformation-Habitat_Inventory-6042621-56042623","Entity-InventoryInformation-Habitat_Inventory-6042621-56042624","Entity-InventoryInformation-Habitat_Inventory-6042625-56042625","Entity-InventoryInformation-Habitat_Inventory-6042625-56042626","Entity-InventoryInformation-Habitat_Inventory-6042625-56042627","Entity-InventoryInformation-Habitat_Inventory-6042625-56042628","Entity-InventoryInformation-Habitat_Inventory-6042629-56042629","Entity-InventoryInformation-Habitat_Inventory-6042629-56042630","Entity-InventoryInformation-Habitat_Inventory-6042629-56042631","Entity-InventoryInformation-Habitat_Inventory-6042629-56042632","Entity-InventoryInformation-Habitat_Inventory-6042633-56042633","Entity-InventoryInformation-Habitat_Inventory-6042633-56042634","Entity-InventoryInformation-Habitat_Inventory-6042633-56042635","Entity-InventoryInformation-Habitat_Inventory-6042633-56042636","Entity-InventoryInformation-Habitat_Inventory-6042637-56042637","Entity-InventoryInformation-Habitat_Inventory-6042637-56042638","Entity-InventoryInformation-Habitat_Inventory-6042637-56042639","Entity-InventoryInformation-Habitat_Inventory-6042637-56042640","Entity-InventoryInformation-Habitat_Inventory-6042641-56042641","Entity-InventoryInformation-Habitat_Inventory-6042641-56042642","Entity-InventoryInformation-Habitat_Inventory-6042641-56042643","Entity-InventoryInformation-Habitat_Inventory-6042641-56042644","Entity-InventoryInformation-Habitat_Inventory-6042645-56042645","Entity-InventoryInformation-Habitat_Inventory-6042645-56042646","Entity-InventoryInformation-Habitat_Inventory-6042645-56042647","Entity-InventoryInformation-Habitat_Inventory-6042645-56042648","Entity-InventoryInformation-Habitat_Inventory-6042649-56042649","Entity-InventoryInformation-Habitat_Inventory-6042649-56042650","Entity-InventoryInformation-Habitat_Inventory-6042649-56042651","Entity-InventoryInformation-Habitat_Inventory-6042649-56042652","Entity-InventoryInformation-Habitat_Inventory-6042653-56042653","Entity-InventoryInformation-Habitat_Inventory-6042653-56042654","Entity-InventoryInformation-Habitat_Inventory-6042653-56042655","Entity-InventoryInformation-Habitat_Inventory-6042653-56042656","Entity-InventoryInformation-Habitat_Inventory-6042657-56042657","Entity-InventoryInformation-Habitat_Inventory-6042657-56042658","Entity-InventoryInformation-Habitat_Inventory-6042657-56042659","Entity-InventoryInformation-Habitat_Inventory-6042657-56042660","Entity-InventoryInformation-Habitat_Inventory-6042661-56042661","Entity-InventoryInformation-Habitat_Inventory-6042661-56042662","Entity-InventoryInformation-Habitat_Inventory-6042661-56042663","Entity-InventoryInformation-Habitat_Inventory-6042661-56042664","Entity-InventoryInformation-Habitat_Inventory-6042665-56042665","Entity-InventoryInformation-Habitat_Inventory-6042665-56042666","Entity-InventoryInformation-Habitat_Inventory-6042665-56042667","Entity-InventoryInformation-Habitat_Inventory-6042665-56042668","Entity-InventoryInformation-Habitat_Inventory-6042669-56042669","Entity-InventoryInformation-Habitat_Inventory-6042669-56042670","Entity-InventoryInformation-Habitat_Inventory-6042669-56042671","Entity-InventoryInformation-Habitat_Inventory-6042669-56042672","Entity-InventoryInformation-Habitat_Inventory-6042713-56042713","Entity-InventoryInformation-Habitat_Inventory-6042713-56042714","Entity-InventoryInformation-Habitat_Inventory-6042713-56042715","Entity-InventoryInformation-Habitat_Inventory-6042713-56042716","Entity-InventoryInformation-Habitat_Inventory-6042717-56042717","Entity-InventoryInformation-Habitat_Inventory-6042717-56042718","Entity-InventoryInformation-Habitat_Inventory-6042717-56042719","Entity-InventoryInformation-Habitat_Inventory-6042717-56042720","Entity-InventoryInformation-Habitat_Inventory-6042721-56042721","Entity-InventoryInformation-Habitat_Inventory-6042721-56042722","Entity-InventoryInformation-Habitat_Inventory-6042721-56042723","Entity-InventoryInformation-Habitat_Inventory-6042721-56042724","Entity-InventoryInformation-Habitat_Inventory-6042725-56042725","Entity-InventoryInformation-Habitat_Inventory-6042725-56042726","Entity-InventoryInformation-Habitat_Inventory-6042725-56042727","Entity-InventoryInformation-Habitat_Inventory-6042725-56042728","Entity-InventoryInformation-Habitat_Inventory-6042729-56042729","Entity-InventoryInformation-Habitat_Inventory-6042729-56042730","Entity-InventoryInformation-Habitat_Inventory-6042729-56042731","Entity-InventoryInformation-Habitat_Inventory-6042729-56042732","Entity-InventoryInformation-Habitat_Inventory-6042733-56042733","Entity-InventoryInformation-Habitat_Inventory-6042733-56042734","Entity-InventoryInformation-Habitat_Inventory-6042733-56042735","Entity-InventoryInformation-Habitat_Inventory-6042733-56042736","Entity-InventoryInformation-Habitat_Inventory-6042737-56042737","Entity-InventoryInformation-Habitat_Inventory-6042737-56042738","Entity-InventoryInformation-Habitat_Inventory-6042737-56042739","Entity-InventoryInformation-Habitat_Inventory-6042737-56042740","Entity-InventoryInformation-Habitat_Inventory-6042741-56042741","Entity-InventoryInformation-Habitat_Inventory-6042741-56042742","Entity-InventoryInformation-Habitat_Inventory-6042741-56042743","Entity-InventoryInformation-Habitat_Inventory-6042741-56042744","Entity-InventoryInformation-Habitat_Inventory-6042745-56042745","Entity-InventoryInformation-Habitat_Inventory-6042745-56042746","Entity-InventoryInformation-Habitat_Inventory-6042745-56042747","Entity-InventoryInformation-Habitat_Inventory-6042745-56042748","Entity-InventoryInformation-Habitat_Inventory-6042749-56042749","Entity-InventoryInformation-Habitat_Inventory-6042749-56042750","Entity-InventoryInformation-Habitat_Inventory-6042749-56042751","Entity-InventoryInformation-Habitat_Inventory-6042749-56042752","Entity-InventoryInformation-Habitat_Inventory-6042753-56042753","Entity-InventoryInformation-Habitat_Inventory-6042753-56042754","Entity-InventoryInformation-Habitat_Inventory-6042753-56042755","Entity-InventoryInformation-Habitat_Inventory-6042753-56042756","Entity-InventoryInformation-Habitat_Inventory-6042757-56042757","Entity-InventoryInformation-Habitat_Inventory-6042757-56042758","Entity-InventoryInformation-Habitat_Inventory-6042757-56042759","Entity-InventoryInformation-Habitat_Inventory-6042757-56042760","Entity-InventoryInformation-Habitat_Inventory-6042761-56042761","Entity-InventoryInformation-Habitat_Inventory-6042761-56042762","Entity-InventoryInformation-Habitat_Inventory-6042761-56042763","Entity-InventoryInformation-Habitat_Inventory-6042761-56042764","Entity-InventoryInformation-Habitat_Inventory-6042765-56042765","Entity-InventoryInformation-Habitat_Inventory-6042765-56042766","Entity-InventoryInformation-Habitat_Inventory-6042765-56042767","Entity-InventoryInformation-Habitat_Inventory-6042765-56042768","Entity-InventoryInformation-Habitat_Inventory-6042769-56042769","Entity-InventoryInformation-Habitat_Inventory-6042769-56042770","Entity-InventoryInformation-Habitat_Inventory-6042769-56042771","Entity-InventoryInformation-Habitat_Inventory-6042769-56042772","Entity-InventoryInformation-Habitat_Inventory-6042773-56042773","Entity-InventoryInformation-Habitat_Inventory-6042773-56042774","Entity-InventoryInformation-Habitat_Inventory-6042773-56042775","Entity-InventoryInformation-Habitat_Inventory-6042773-56042776","Entity-InventoryInformation-Habitat_Inventory-6042777-56042777","Entity-InventoryInformation-Habitat_Inventory-6042777-56042778","Entity-InventoryInformation-Habitat_Inventory-6042777-56042779","Entity-InventoryInformation-Habitat_Inventory-6042780-56042780","Entity-InventoryInformation-Habitat_Inventory-6042780-56042781","Entity-InventoryInformation-Habitat_Inventory-6042780-56042782","Entity-InventoryInformation-Habitat_Inventory-6042783-56042783","Entity-InventoryInformation-Habitat_Inventory-6042783-56042784","Entity-InventoryInformation-Habitat_Inventory-6042783-56042785","Entity-InventoryInformation-Habitat_Inventory-6042783-56042786","Entity-InventoryInformation-Habitat_Inventory-6042783-56042787","Entity-InventoryInformation-Habitat_Inventory-6042788-56042788","Entity-InventoryInformation-Habitat_Inventory-6042788-56042789","Entity-InventoryInformation-Habitat_Inventory-6042788-56042790","Entity-InventoryInformation-Habitat_Inventory-6042788-56042791","Entity-InventoryInformation-Habitat_Inventory-6042788-56042792","Entity-InventoryInformation-Habitat_Inventory-6042793-56042793","Entity-InventoryInformation-Habitat_Inventory-6042794-56042794","Entity-InventoryInformation-Habitat_Inventory-6042794-56042795","Entity-InventoryInformation-Habitat_Inventory-6042794-56042796","Entity-InventoryInformation-Habitat_Inventory-6042794-56042797","Entity-InventoryInformation-Habitat_Inventory-6042794-56042798","Entity-InventoryInformation-Habitat_Inventory-6042799-56042799","Entity-InventoryInformation-Habitat_Inventory-6042799-56042800","Entity-InventoryInformation-Habitat_Inventory-6042799-56042801","Entity-InventoryInformation-Habitat_Inventory-6042799-56042802","Entity-InventoryInformation-Habitat_Inventory-6042799-56042803","Entity-InventoryInformation-Habitat_Inventory-6042804-56042804","Entity-InventoryInformation-Habitat_Inventory-6042804-56042805","Entity-InventoryInformation-Habitat_Inventory-6042804-56042806","Entity-InventoryInformation-Habitat_Inventory-6042804-56042807","Entity-InventoryInformation-Habitat_Inventory-6042804-56042808","Entity-InventoryInformation-Habitat_Inventory-6042809-56042809","Entity-InventoryInformation-Habitat_Inventory-6042810-56042810","Entity-InventoryInformation-Habitat_Inventory-6042811-56042811","Entity-InventoryInformation-Habitat_Inventory-6042812-56042812","Entity-InventoryInformation-Habitat_Inventory-6042812-56042813","Entity-InventoryInformation-Habitat_Inventory-6042812-56042814","Entity-InventoryInformation-Habitat_Inventory-6042812-56042815","Entity-InventoryInformation-Habitat_Inventory-6042812-56042816","Entity-InventoryInformation-Habitat_Inventory-6042817-56042817","Entity-InventoryInformation-Habitat_Inventory-6042817-56042818","Entity-InventoryInformation-Habitat_Inventory-6042817-56042819","Entity-InventoryInformation-Habitat_Inventory-6042817-56042820","Entity-InventoryInformation-Habitat_Inventory-6042821-56042821","Entity-InventoryInformation-Habitat_Inventory-6042822-56042822","Entity-InventoryInformation-Habitat_Inventory-6042822-56042823","Entity-InventoryInformation-Habitat_Inventory-6042822-56042824","Entity-InventoryInformation-Habitat_Inventory-6042822-56042825","Entity-InventoryInformation-Habitat_Inventory-6042822-56042826","Entity-InventoryInformation-Habitat_Inventory-6042827-56042827","Entity-InventoryInformation-Habitat_Inventory-6042827-56042828","Entity-InventoryInformation-Habitat_Inventory-6042827-56042829","Entity-InventoryInformation-Habitat_Inventory-6042827-56042830","Entity-InventoryInformation-Habitat_Inventory-6042827-56042831","Entity-InventoryInformation-Habitat_Inventory-6042832-56042832","Entity-InventoryInformation-Habitat_Inventory-6042832-56042833","Entity-InventoryInformation-Habitat_Inventory-6042832-56042834","Entity-InventoryInformation-Habitat_Inventory-6042832-56042835","Entity-InventoryInformation-Habitat_Inventory-6042832-56042836","Entity-InventoryInformation-Habitat_Inventory-6042837-56042837","Entity-InventoryInformation-Habitat_Inventory-6042837-56042838","Entity-InventoryInformation-Habitat_Inventory-6042837-56042839","Entity-InventoryInformation-Habitat_Inventory-6042837-56042840","Entity-InventoryInformation-Habitat_Inventory-6042837-56042841","Entity-InventoryInformation-Habitat_Inventory-6042842-56042842","Entity-InventoryInformation-Habitat_Inventory-6042842-56042843","Entity-InventoryInformation-Habitat_Inventory-6042842-56042844","Entity-InventoryInformation-Habitat_Inventory-6042842-56042845","Entity-InventoryInformation-Habitat_Inventory-6042842-56042846","Entity-InventoryInformation-Habitat_Inventory-6042847-56042847","Entity-InventoryInformation-Habitat_Inventory-6042847-56042848","Entity-InventoryInformation-Habitat_Inventory-6042847-56042849","Entity-InventoryInformation-Habitat_Inventory-6042847-56042850","Entity-InventoryInformation-Habitat_Inventory-6042847-56042851","Entity-InventoryInformation-Habitat_Inventory-6042852-56042852","Entity-InventoryInformation-Habitat_Inventory-6042853-56042853","Entity-InventoryInformation-Habitat_Inventory-6042854-56042854","Entity-InventoryInformation-Habitat_Inventory-6042855-56042855","Entity-InventoryInformation-Habitat_Inventory-6042855-56042856","Entity-InventoryInformation-Habitat_Inventory-6042855-56042857","Entity-InventoryInformation-Habitat_Inventory-6042855-56042858","Entity-InventoryInformation-Habitat_Inventory-6042855-56042859","Entity-InventoryInformation-Habitat_Inventory-6042860-56042860","Entity-InventoryInformation-Habitat_Inventory-6042861-56042861","Entity-InventoryInformation-Habitat_Inventory-6042861-56042862","Entity-InventoryInformation-Habitat_Inventory-6042861-56042863","Entity-InventoryInformation-Habitat_Inventory-6042861-56042864","Entity-InventoryInformation-Habitat_Inventory-6042861-56042865","Entity-InventoryInformation-Habitat_Inventory-6042866-56042866","Entity-InventoryInformation-Habitat_Inventory-6042866-56042867","Entity-InventoryInformation-Habitat_Inventory-6042866-56042868","Entity-InventoryInformation-Habitat_Inventory-6042866-56042869","Entity-InventoryInformation-Habitat_Inventory-6042866-56042870","Entity-InventoryInformation-Habitat_Inventory-6042871-56042871","Entity-InventoryInformation-Habitat_Inventory-6042872-56042872","Entity-InventoryInformation-Habitat_Inventory-6042873-56042873","Entity-InventoryInformation-Habitat_Inventory-6042874-56042874","Entity-InventoryInformation-Habitat_Inventory-6042875-56042875","Entity-InventoryInformation-Habitat_Inventory-6042876-56042876","Entity-InventoryInformation-Habitat_Inventory-6042877-56042877","Entity-InventoryInformation-Habitat_Inventory-6042878-56042878","Entity-InventoryInformation-Habitat_Inventory-6042879-56042879","Entity-InventoryInformation-Habitat_Inventory-6042880-56042880","Entity-InventoryInformation-Habitat_Inventory-6042880-56042881","Entity-InventoryInformation-Habitat_Inventory-6042880-56042882","Entity-InventoryInformation-Habitat_Inventory-6042880-56042883","Entity-InventoryInformation-Habitat_Inventory-6042880-56042884","Entity-InventoryInformation-Habitat_Inventory-6042880-56042885","Entity-InventoryInformation-Habitat_Inventory-6042058-56042058","Entity-InventoryInformation-Habitat_Inventory-6042059-56042059","Entity-InventoryInformation-Habitat_Inventory-6042060-56042060","Entity-InventoryInformation-Habitat_Inventory-6042061-56042061","Entity-InventoryInformation-Habitat_Inventory-6042062-56042062","Entity-InventoryInformation-Habitat_Inventory-6042063-56042063","Entity-InventoryInformation-Habitat_Inventory-6042064-56042064","Entity-InventoryInformation-Habitat_Inventory-6042065-56042065","Entity-InventoryInformation-Habitat_Inventory-6042067-56042067","Entity-InventoryInformation-Habitat_Inventory-6042068-56042068","Entity-InventoryInformation-Habitat_Inventory-6042066-56042066","Entity-InventoryInformation-Habitat_Inventory-6042069-56042069","Entity-InventoryInformation-Habitat_Inventory-6042070-56042070","Entity-InventoryInformation-Habitat_Inventory-6042071-56042071","Entity-InventoryInformation-Habitat_Inventory-6042072-56042072","Entity-InventoryInformation-Habitat_Inventory-6042073-56042073","Entity-InventoryInformation-Habitat_Inventory-6042074-56042074","Entity-InventoryInformation-Habitat_Inventory-6042075-56042075","Entity-InventoryInformation-Habitat_Inventory-6042076-56042076","Entity-InventoryInformation-Habitat_Inventory-6042077-56042077","Entity-InventoryInformation-Habitat_Inventory-6042078-56042078","Entity-InventoryInformation-Habitat_Inventory-6042079-56042079","Entity-InventoryInformation-Habitat_Inventory-6042080-56042080","Entity-InventoryInformation-Habitat_Inventory-6042081-56042081","Entity-InventoryInformation-Habitat_Inventory-6042082-56042082","Entity-InventoryInformation-Habitat_Inventory-6042083-56042083","Entity-InventoryInformation-Habitat_Inventory-6042084-56042084","Entity-InventoryInformation-Habitat_Inventory-6042085-56042085","Entity-InventoryInformation-Habitat_Inventory-6042086-56042086","Entity-InventoryInformation-Habitat_Inventory-6042087-56042087","Entity-InventoryInformation-Habitat_Inventory-6042088-56042088","Entity-InventoryInformation-Habitat_Inventory-6042089-56042089","Entity-InventoryInformation-Habitat_Inventory-6042090-56042090","Entity-InventoryInformation-Habitat_Inventory-6042091-56042091","Entity-InventoryInformation-Habitat_Inventory-6042092-56042092","Entity-InventoryInformation-Habitat_Inventory-6042093-56042093","Entity-InventoryInformation-Habitat_Inventory-6042094-56042094","Entity-InventoryInformation-Habitat_Inventory-6042095-56042095","Entity-InventoryInformation-Habitat_Inventory-6042096-56042096","Entity-InventoryInformation-Habitat_Inventory-6042097-56042097","Entity-InventoryInformation-Habitat_Inventory-6042098-56042098","Entity-InventoryInformation-Habitat_Inventory-6042099-56042099","Entity-InventoryInformation-Habitat_Inventory-6042100-56042100","Entity-InventoryInformation-Habitat_Inventory-6042101-56042101","Entity-InventoryInformation-Habitat_Inventory-6042102-56042102","Entity-InventoryInformation-Habitat_Inventory-6042103-56042103","Entity-InventoryInformation-Habitat_Inventory-6042104-56042104","Entity-InventoryInformation-Habitat_Inventory-6042105-56042105","Entity-InventoryInformation-Habitat_Inventory-6042106-56042106","Entity-InventoryInformation-Habitat_Inventory-6042107-56042107","Entity-InventoryInformation-Habitat_Inventory-6042108-56042108","Entity-InventoryInformation-Habitat_Inventory-6042109-56042109","Entity-InventoryInformation-Habitat_Inventory-6042110-56042110","Entity-InventoryInformation-Habitat_Inventory-6042111-56042111","Entity-InventoryInformation-Habitat_Inventory-6042112-56042112","Entity-InventoryInformation-Habitat_Inventory-6042113-56042113","Entity-InventoryInformation-Habitat_Inventory-6042114-56042114","Entity-InventoryInformation-Habitat_Inventory-6042115-56042115","Entity-InventoryInformation-Habitat_Inventory-6042116-56042116","Entity-InventoryInformation-Habitat_Inventory-6042117-56042117","Entity-InventoryInformation-Habitat_Inventory-6042118-56042118","Entity-InventoryInformation-Habitat_Inventory-6042119-56042119","Entity-InventoryInformation-Habitat_Inventory-6042120-56042120","Entity-InventoryInformation-Habitat_Inventory-6042121-56042121","Entity-InventoryInformation-Habitat_Inventory-6042122-56042122","Entity-InventoryInformation-Habitat_Inventory-6042123-56042123","Entity-InventoryInformation-Habitat_Inventory-6042124-56042124","Entity-InventoryInformation-Habitat_Inventory-6042124-56042125","Entity-InventoryInformation-Habitat_Inventory-6042124-56042126","Entity-InventoryInformation-Habitat_Inventory-6042124-56042127","Entity-InventoryInformation-Habitat_Inventory-6042128-56042128","Entity-InventoryInformation-Habitat_Inventory-6042129-56042129","Entity-InventoryInformation-Habitat_Inventory-6042130-56042130","Entity-InventoryInformation-Habitat_Inventory-6042131-56042131","Entity-InventoryInformation-Habitat_Inventory-6042132-56042132","Entity-InventoryInformation-Habitat_Inventory-6042133-56042133","Entity-InventoryInformation-Habitat_Inventory-6042134-56042134","Entity-InventoryInformation-Habitat_Inventory-6042134-56042135","Entity-InventoryInformation-Habitat_Inventory-6042134-56042136","Entity-InventoryInformation-Habitat_Inventory-6042134-56042137","Entity-InventoryInformation-Habitat_Inventory-6042138-56042138","Entity-InventoryInformation-Habitat_Inventory-6042138-56042139","Entity-InventoryInformation-Habitat_Inventory-6042138-56042140","Entity-InventoryInformation-Habitat_Inventory-6042138-56042141","Entity-InventoryInformation-Habitat_Inventory-6042142-56042142","Entity-InventoryInformation-Habitat_Inventory-6042143-56042143","Entity-InventoryInformation-Habitat_Inventory-6042144-56042144","Entity-InventoryInformation-Habitat_Inventory-6042145-56042145","Entity-InventoryInformation-Habitat_Inventory-6042146-56042146","Entity-InventoryInformation-Habitat_Inventory-6042147-56042147","Entity-InventoryInformation-Habitat_Inventory-6042148-56042148","Entity-InventoryInformation-Habitat_Inventory-6042149-56042149","Entity-InventoryInformation-Habitat_Inventory-6042150-56042150","Entity-InventoryInformation-Habitat_Inventory-6042151-56042151","Entity-InventoryInformation-Habitat_Inventory-6042152-56042152","Entity-InventoryInformation-Habitat_Inventory-6042153-56042153","Entity-InventoryInformation-Habitat_Inventory-6042154-56042154","Entity-InventoryInformation-Habitat_Inventory-6042154-56042155","Entity-InventoryInformation-Habitat_Inventory-6042154-56042156","Entity-InventoryInformation-Habitat_Inventory-6042154-56042157","Entity-InventoryInformation-Habitat_Inventory-6042154-56042158","Entity-InventoryInformation-Habitat_Inventory-6042154-56042159","Entity-InventoryInformation-Habitat_Inventory-6042160-56042160","Entity-InventoryInformation-Habitat_Inventory-6042160-56042161","Entity-InventoryInformation-Habitat_Inventory-6042160-56042162","Entity-InventoryInformation-Habitat_Inventory-6042160-56042163","Entity-InventoryInformation-Habitat_Inventory-6042160-56042165","Entity-InventoryInformation-Habitat_Inventory-7042066-57042066","Entity-InventoryInformation-Habitat_Inventory-7042066-57042067","Entity-InventoryInformation-Habitat_Inventory-7042066-57042068","Entity-InventoryInformation-Habitat_Inventory-7042066-57042069","Entity-InventoryInformation-Habitat_Inventory-7042066-57042070","Entity-InventoryInformation-Habitat_Inventory-7042071-57042071","Entity-InventoryInformation-Habitat_Inventory-7042072-57042072","Entity-InventoryInformation-Habitat_Inventory-7042073-57042073","Entity-InventoryInformation-Habitat_Inventory-7042074-57042074","Entity-InventoryInformation-Habitat_Inventory-7042075-57042075","Entity-InventoryInformation-Habitat_Inventory-7042076-57042076","Entity-InventoryInformation-Habitat_Inventory-7042077-57042077","Entity-InventoryInformation-Habitat_Inventory-7042078-57042078","Entity-InventoryInformation-Habitat_Inventory-7042079-57042079","Entity-InventoryInformation-Habitat_Inventory-7042080-57042080","Entity-InventoryInformation-Habitat_Inventory-7042081-57042081","Entity-InventoryInformation-Habitat_Inventory-7042082-57042082","Entity-InventoryInformation-Habitat_Inventory-7042084-57042084","Entity-InventoryInformation-Habitat_Inventory-7042085-57042085","Entity-InventoryInformation-Habitat_Inventory-7042086-57042086","Entity-InventoryInformation-Habitat_Inventory-7042087-57042087","Entity-InventoryInformation-Habitat_Inventory-7042088-57042088","Entity-InventoryInformation-Habitat_Inventory-7042089-57042089","Entity-InventoryInformation-Habitat_Inventory-7042089-57042090","Entity-InventoryInformation-Habitat_Inventory-7042089-57042091","Entity-InventoryInformation-Habitat_Inventory-7042092-57042092","Entity-InventoryInformation-Habitat_Inventory-7042093-57042093","Entity-InventoryInformation-Habitat_Inventory-7042095-57042095","Entity-InventoryInformation-Habitat_Inventory-7042096-57042096","Entity-InventoryInformation-Habitat_Inventory-7042097-57042097","Entity-InventoryInformation-Habitat_Inventory-7042098-57042098","Entity-InventoryInformation-Habitat_Inventory-7042099-57042099","Entity-InventoryInformation-Habitat_Inventory-7042100-57042100","Entity-InventoryInformation-Habitat_Inventory-7042101-57042101","Entity-InventoryInformation-Habitat_Inventory-7042102-57042102","Entity-InventoryInformation-Habitat_Inventory-7042103-57042103","Entity-InventoryInformation-Habitat_Inventory-7042104-57042104","Entity-InventoryInformation-Habitat_Inventory-7042105-57042105","Entity-InventoryInformation-Habitat_Inventory-7042106-57042106","Entity-InventoryInformation-Habitat_Inventory-7042107-57042107","Entity-InventoryInformation-Habitat_Inventory-7042108-57042108","Entity-InventoryInformation-Habitat_Inventory-7042109-57042109","Entity-InventoryInformation-Habitat_Inventory-7042110-57042110","Entity-InventoryInformation-Habitat_Inventory-7042111-57042111","Entity-InventoryInformation-Habitat_Inventory-7042112-57042112","Entity-InventoryInformation-Habitat_Inventory-7042113-57042113","Entity-InventoryInformation-Habitat_Inventory-7042114-57042114","Entity-InventoryInformation-Habitat_Inventory-7042115-57042115","Entity-InventoryInformation-Habitat_Inventory-7042116-57042116","Entity-InventoryInformation-Habitat_Inventory-7042117-57042117","Entity-InventoryInformation-Habitat_Inventory-7042118-57042118","Entity-InventoryInformation-Habitat_Inventory-7042119-57042119","Entity-InventoryInformation-Habitat_Inventory-7042119-57042120","Entity-InventoryInformation-Habitat_Inventory-7042121-57042121","Entity-InventoryInformation-Habitat_Inventory-7042121-57042122","Entity-InventoryInformation-Habitat_Inventory-7042123-57042123","Entity-InventoryInformation-Habitat_Inventory-7042124-57042124","Entity-InventoryInformation-Habitat_Inventory-7042124-57042125","Entity-InventoryInformation-Habitat_Inventory-7042126-57042126","Entity-InventoryInformation-Habitat_Inventory-7042127-57042127","Entity-InventoryInformation-Habitat_Inventory-7042128-57042128","Entity-InventoryInformation-Habitat_Inventory-7042129-57042129","Entity-InventoryInformation-Habitat_Inventory-7042130-57042130","Entity-InventoryInformation-Habitat_Inventory-7042131-57042131","Entity-InventoryInformation-Habitat_Inventory-7042132-57042132","Entity-InventoryInformation-Habitat_Inventory-7042133-57042133","Entity-InventoryInformation-Habitat_Inventory-7042134-57042134","Entity-InventoryInformation-Habitat_Inventory-7042136-57042136","Entity-InventoryInformation-Habitat_Inventory-7042137-57042137","Entity-InventoryInformation-Habitat_Inventory-7042138-57042138","Entity-InventoryInformation-Habitat_Inventory-7042139-57042139","Entity-InventoryInformation-Habitat_Inventory-7042140-57042140","Entity-InventoryInformation-Habitat_Inventory-7042141-57042141","Entity-InventoryInformation-Habitat_Inventory-7042142-57042142","Entity-InventoryInformation-Habitat_Inventory-7042143-57042143","Entity-InventoryInformation-Habitat_Inventory-7042144-57042144","Entity-InventoryInformation-Habitat_Inventory-7042145-57042145","Entity-InventoryInformation-Habitat_Inventory-7042146-57042146","Entity-InventoryInformation-Habitat_Inventory-7042147-57042147","Entity-InventoryInformation-Habitat_Inventory-7042148-57042148","Entity-InventoryInformation-Habitat_Inventory-7042149-57042149","Entity-InventoryInformation-Habitat_Inventory-7042150-57042150","Entity-InventoryInformation-Habitat_Inventory-7042151-57042151","Entity-InventoryInformation-Habitat_Inventory-7042152-57042152","Entity-InventoryInformation-Habitat_Inventory-7042153-57042153","Entity-InventoryInformation-Habitat_Inventory-7042154-57042154","Entity-InventoryInformation-Habitat_Inventory-7042155-57042155","Entity-InventoryInformation-Habitat_Inventory-7042156-57042156","Entity-InventoryInformation-Habitat_Inventory-7042157-57042157","Entity-InventoryInformation-Habitat_Inventory-7042158-57042158","Entity-InventoryInformation-Habitat_Inventory-7042159-57042159","Entity-InventoryInformation-Habitat_Inventory-7042160-57042160","Entity-InventoryInformation-Habitat_Inventory-7042161-57042161","Entity-InventoryInformation-Habitat_Inventory-7042162-57042162","Entity-InventoryInformation-Habitat_Inventory-7042163-57042163","Entity-InventoryInformation-Habitat_Inventory-7042164-57042164","Entity-InventoryInformation-Habitat_Inventory-7042165-57042165","Entity-InventoryInformation-Habitat_Inventory-7042166-57042166","Entity-InventoryInformation-Habitat_Inventory-7042167-57042167","Entity-InventoryInformation-Habitat_Inventory-7042168-57042168","Entity-InventoryInformation-Habitat_Inventory-7042169-57042169","Entity-InventoryInformation-Habitat_Inventory-7042169-57042170","Entity-InventoryInformation-Habitat_Inventory-7042169-57042171","Entity-InventoryInformation-Habitat_Inventory-7042169-57042172","Entity-InventoryInformation-Habitat_Inventory-7042169-57042173","Entity-InventoryInformation-Habitat_Inventory-7042169-57042174","Entity-InventoryInformation-Habitat_Inventory-6042175-56042175","Entity-InventoryInformation-Habitat_Inventory-6042176-56042176","Entity-InventoryInformation-Habitat_Inventory-6042177-56042177","Entity-InventoryInformation-Habitat_Inventory-6042178-56042178","Entity-InventoryInformation-Habitat_Inventory-6042179-56042179","Entity-InventoryInformation-Habitat_Inventory-6042180-56042180","Entity-InventoryInformation-Habitat_Inventory-6042181-56042181","Entity-InventoryInformation-Habitat_Inventory-6042182-56042182","Entity-InventoryInformation-Habitat_Inventory-6042183-56042183","Entity-InventoryInformation-Habitat_Inventory-6042184-56042184","Entity-InventoryInformation-Habitat_Inventory-6042185-56042185","Entity-InventoryInformation-Habitat_Inventory-6042186-56042186","Entity-InventoryInformation-Habitat_Inventory-6042187-56042187","Entity-InventoryInformation-Habitat_Inventory-6042188-56042188","Entity-InventoryInformation-Habitat_Inventory-6042189-56042189","Entity-InventoryInformation-Habitat_Inventory-6042190-56042190","Entity-InventoryInformation-Habitat_Inventory-6042191-56042191","Entity-InventoryInformation-Habitat_Inventory-6042192-56042192","Entity-InventoryInformation-Habitat_Inventory-6042193-56042193","Entity-InventoryInformation-Habitat_Inventory-6042194-56042194","Entity-InventoryInformation-Habitat_Inventory-6042195-56042195","Entity-InventoryInformation-Habitat_Inventory-6042196-56042196","Entity-InventoryInformation-Habitat_Inventory-6042197-56042197","Entity-InventoryInformation-Habitat_Inventory-6042198-56042198","Entity-InventoryInformation-Habitat_Inventory-6042199-56042199","Entity-InventoryInformation-Habitat_Inventory-6042200-56042200","Entity-InventoryInformation-Habitat_Inventory-6042201-56042201","Entity-InventoryInformation-Habitat_Inventory-6042202-56042202","Entity-InventoryInformation-Habitat_Inventory-6042203-56042203","Entity-InventoryInformation-Habitat_Inventory-6042204-56042204","Entity-InventoryInformation-Habitat_Inventory-6042205-56042205","Entity-InventoryInformation-Habitat_Inventory-6042206-56042206","Entity-InventoryInformation-Habitat_Inventory-6042207-56042207","Entity-InventoryInformation-Habitat_Inventory-6042208-56042208","Entity-InventoryInformation-Habitat_Inventory-6042209-56042209","Entity-InventoryInformation-Habitat_Inventory-6042210-56042210","Entity-InventoryInformation-Habitat_Inventory-6042211-56042211","Entity-InventoryInformation-Habitat_Inventory-6042212-56042212","Entity-InventoryInformation-Habitat_Inventory-6042213-56042213","Entity-InventoryInformation-Habitat_Inventory-6042214-56042214","Entity-InventoryInformation-Habitat_Inventory-6042215-56042215","Entity-InventoryInformation-Habitat_Inventory-6042216-56042216","Entity-InventoryInformation-Habitat_Inventory-6042217-56042217","Entity-InventoryInformation-Habitat_Inventory-6042218-56042218","Entity-InventoryInformation-Habitat_Inventory-6042219-56042219","Entity-InventoryInformation-Habitat_Inventory-6042220-56042220","Entity-InventoryInformation-Habitat_Inventory-6042221-56042221","Entity-InventoryInformation-Habitat_Inventory-6042222-56042222","Entity-InventoryInformation-Habitat_Inventory-6042222-56042223","Entity-InventoryInformation-Habitat_Inventory-6042222-56042224","Entity-InventoryInformation-Habitat_Inventory-6042222-56042225","Entity-InventoryInformation-Habitat_Inventory-6042222-56042226","Entity-InventoryInformation-Habitat_Inventory-6042227-56042227","Entity-InventoryInformation-Habitat_Inventory-6042227-56042228","Entity-InventoryInformation-Habitat_Inventory-6042227-56042229","Entity-InventoryInformation-Habitat_Inventory-6042227-56042230","Entity-InventoryInformation-Habitat_Inventory-6042227-56042231","Entity-InventoryInformation-Habitat_Inventory-6042232-56042232","Entity-InventoryInformation-Habitat_Inventory-6042232-56042233","Entity-InventoryInformation-Habitat_Inventory-6042232-56042234","Entity-InventoryInformation-Habitat_Inventory-6042235-56042235","Entity-InventoryInformation-Habitat_Inventory-6042236-56042236","Entity-InventoryInformation-Habitat_Inventory-6042237-56042237","Entity-InventoryInformation-Habitat_Inventory-6042238-56042238","Entity-InventoryInformation-Habitat_Inventory-6042239-56042239","Entity-InventoryInformation-Habitat_Inventory-6042240-56042240","Entity-InventoryInformation-Habitat_Inventory-6042241-56042241","Entity-InventoryInformation-Habitat_Inventory-6042242-56042242","Entity-InventoryInformation-Habitat_Inventory-6042243-56042243","Entity-InventoryInformation-Habitat_Inventory-6042244-56042244","Entity-InventoryInformation-Habitat_Inventory-6042245-56042245","Entity-InventoryInformation-Habitat_Inventory-6042246-56042246","Entity-InventoryInformation-Habitat_Inventory-6042247-56042247","Entity-InventoryInformation-Habitat_Inventory-6042248-56042248","Entity-InventoryInformation-Habitat_Inventory-6042249-56042249","Entity-InventoryInformation-Habitat_Inventory-6042250-56042250","Entity-InventoryInformation-Habitat_Inventory-6042251-56042251","Entity-InventoryInformation-Habitat_Inventory-6042251-56042252","Entity-InventoryInformation-Habitat_Inventory-6042251-56042253","Entity-InventoryInformation-Habitat_Inventory-6042254-56042254","Entity-InventoryInformation-Habitat_Inventory-6042254-56042255","Entity-InventoryInformation-Habitat_Inventory-6042254-56042256","Entity-InventoryInformation-Habitat_Inventory-7042257-57042257","Entity-InventoryInformation-Habitat_Inventory-7042258-57042258","Entity-InventoryInformation-Habitat_Inventory-7042259-57042259","Entity-InventoryInformation-Habitat_Inventory-6042962-56042962","Entity-InventoryInformation-Habitat_Inventory-6042963-56042963","Entity-InventoryInformation-Habitat_Inventory-6042964-56042964","Entity-InventoryInformation-Habitat_Inventory-6042965-56042965","Entity-InventoryInformation-Habitat_Inventory-6042966-56042966","Entity-InventoryInformation-Habitat_Inventory-6042967-56042967","Entity-InventoryInformation-Habitat_Inventory-6042968-56042968","Entity-InventoryInformation-Habitat_Inventory-6042969-56042969","Entity-InventoryInformation-Habitat_Inventory-6042970-56042970","Entity-InventoryInformation-Habitat_Inventory-6042971-56042971","Entity-InventoryInformation-Habitat_Inventory-6042972-56042972","Entity-InventoryInformation-Habitat_Inventory-6042973-56042973","Entity-InventoryInformation-Habitat_Inventory-6042974-56042974","Entity-InventoryInformation-Habitat_Inventory-6042975-56042975","Entity-InventoryInformation-Habitat_Inventory-6042976-56042976","Entity-InventoryInformation-Habitat_Inventory-6042977-56042977","Entity-InventoryInformation-Habitat_Inventory-6042978-56042978","Entity-InventoryInformation-Habitat_Inventory-6042979-56042979","Entity-InventoryInformation-Habitat_Inventory-6042430-56042430","Entity-InventoryInformation-Habitat_Inventory-6042431-56042431","Entity-InventoryInformation-Habitat_Inventory-6042432-56042432","Entity-InventoryInformation-Habitat_Inventory-6042433-56042433","Entity-InventoryInformation-Habitat_Inventory-6042433-56042434","Entity-InventoryInformation-Habitat_Inventory-6042433-56042435","Entity-InventoryInformation-Habitat_Inventory-6042433-56042436","Entity-InventoryInformation-Habitat_Inventory-6042433-56042437","Entity-InventoryInformation-Habitat_Inventory-6042433-56042438","Entity-InventoryInformation-Habitat_Inventory-6042433-56042439","Entity-InventoryInformation-Habitat_Inventory-6042440-56042440","Entity-InventoryInformation-Habitat_Inventory-6042441-56042441","Entity-InventoryInformation-Habitat_Inventory-6042442-56042442","Entity-InventoryInformation-Habitat_Inventory-6042443-56042443","Entity-InventoryInformation-Habitat_Inventory-6042444-56042444","Entity-InventoryInformation-Habitat_Inventory-6042445-56042445","Entity-InventoryInformation-Habitat_Inventory-6042446-56042446","Entity-InventoryInformation-Habitat_Inventory-6042447-56042447","Entity-InventoryInformation-Habitat_Inventory-6042448-56042448","Entity-InventoryInformation-Habitat_Inventory-6042449-56042449","Entity-InventoryInformation-Habitat_Inventory-6042450-56042450","Entity-InventoryInformation-Habitat_Inventory-6042451-56042451","Entity-InventoryInformation-Habitat_Inventory-6042452-56042452","Entity-InventoryInformation-Habitat_Inventory-6042453-56042453","Entity-InventoryInformation-Habitat_Inventory-6042454-56042454","Entity-InventoryInformation-Habitat_Inventory-6042455-56042455","Entity-InventoryInformation-Habitat_Inventory-6042456-56042456","Entity-InventoryInformation-Habitat_Inventory-6042457-56042457","Entity-InventoryInformation-Habitat_Inventory-6042458-56042458","Entity-InventoryInformation-Habitat_Inventory-6042459-56042459","Entity-InventoryInformation-Habitat_Inventory-6042460-56042460","Entity-InventoryInformation-Habitat_Inventory-6042461-56042461","Entity-InventoryInformation-Habitat_Inventory-6042462-56042462","Entity-InventoryInformation-Habitat_Inventory-6042463-56042463","Entity-InventoryInformation-Habitat_Inventory-6042464-56042464","Entity-InventoryInformation-Habitat_Inventory-6042465-56042465","Entity-InventoryInformation-Habitat_Inventory-6042466-56042466","Entity-InventoryInformation-Habitat_Inventory-6042467-56042467","Entity-InventoryInformation-Habitat_Inventory-6042468-56042468","Entity-InventoryInformation-Habitat_Inventory-6042469-56042469","Entity-InventoryInformation-Habitat_Inventory-6042470-56042470","Entity-InventoryInformation-Habitat_Inventory-6042471-56042471","Entity-InventoryInformation-Habitat_Inventory-6042472-56042472","Entity-InventoryInformation-Habitat_Inventory-6042473-56042473","Entity-InventoryInformation-Habitat_Inventory-6042474-56042474","Entity-InventoryInformation-Habitat_Inventory-6042475-56042475","Entity-InventoryInformation-Habitat_Inventory-6042476-56042476","Entity-InventoryInformation-Habitat_Inventory-6042477-56042477","Entity-InventoryInformation-Habitat_Inventory-6042478-56042478","Entity-InventoryInformation-Habitat_Inventory-6042479-56042479","Entity-InventoryInformation-Habitat_Inventory-6042480-56042480","Entity-InventoryInformation-Habitat_Inventory-6042481-56042481","Entity-InventoryInformation-Habitat_Inventory-6042482-56042482","Entity-InventoryInformation-Habitat_Inventory-6042483-56042483","Entity-InventoryInformation-Habitat_Inventory-6042484-56042484","Entity-InventoryInformation-Habitat_Inventory-6042485-56042485","Entity-InventoryInformation-Habitat_Inventory-6042486-56042486","Entity-InventoryInformation-Habitat_Inventory-6042487-56042487","Entity-InventoryInformation-Habitat_Inventory-6042488-56042488","Entity-InventoryInformation-Habitat_Inventory-6042489-56042489","Entity-InventoryInformation-Habitat_Inventory-6042490-56042490","Entity-InventoryInformation-Habitat_Inventory-6042491-56042491","Entity-InventoryInformation-Habitat_Inventory-6042492-56042492","Entity-InventoryInformation-Habitat_Inventory-6042493-56042493","Entity-InventoryInformation-Habitat_Inventory-6042494-56042494","Entity-InventoryInformation-Habitat_Inventory-6042495-56042495","Entity-InventoryInformation-Habitat_Inventory-6042496-56042496","Entity-InventoryInformation-Habitat_Inventory-6042497-56042497","Entity-InventoryInformation-Habitat_Inventory-6042498-56042498","Entity-InventoryInformation-Habitat_Inventory-6042499-56042499","Entity-InventoryInformation-Habitat_Inventory-6042500-56042500","Entity-InventoryInformation-Habitat_Inventory-6042501-56042501","Entity-InventoryInformation-Habitat_Inventory-6042502-56042502","Entity-InventoryInformation-Habitat_Inventory-6042503-56042503","Entity-InventoryInformation-Habitat_Inventory-6042504-56042504","Entity-InventoryInformation-Habitat_Inventory-6042505-56042505","Entity-InventoryInformation-Habitat_Inventory-6042506-56042506","Entity-InventoryInformation-Habitat_Inventory-6042507-56042507","Entity-InventoryInformation-Habitat_Inventory-6042508-56042508","Entity-InventoryInformation-Habitat_Inventory-6042509-56042509","Entity-InventoryInformation-Habitat_Inventory-6042510-56042510","Entity-InventoryInformation-Habitat_Inventory-6042511-56042511","Entity-InventoryInformation-Habitat_Inventory-6042512-56042512","Entity-InventoryInformation-Habitat_Inventory-6042513-56042513","Entity-InventoryInformation-Habitat_Inventory-6042514-56042514","Entity-InventoryInformation-Habitat_Inventory-6042515-56042515","Entity-InventoryInformation-Habitat_Inventory-6042516-56042516","Entity-InventoryInformation-Habitat_Inventory-6042517-56042517","Entity-InventoryInformation-Habitat_Inventory-6042518-56042518","Entity-InventoryInformation-Habitat_Inventory-6042519-56042519","Entity-InventoryInformation-Habitat_Inventory-6042520-56042520","Entity-InventoryInformation-Habitat_Inventory-6042521-56042521","Entity-InventoryInformation-Habitat_Inventory-6042522-56042522","Entity-InventoryInformation-Habitat_Inventory-6042523-56042523","Entity-InventoryInformation-Habitat_Inventory-6042524-56042524","Entity-InventoryInformation-Habitat_Inventory-6042525-56042525","Entity-InventoryInformation-Habitat_Inventory-6042526-56042526","Entity-InventoryInformation-Habitat_Inventory-6042527-56042527","Entity-InventoryInformation-Habitat_Inventory-6042528-56042528","Entity-InventoryInformation-Habitat_Inventory-6042529-56042529","Entity-InventoryInformation-Habitat_Inventory-6042530-56042530","Entity-InventoryInformation-Habitat_Inventory-6042531-56042531","Entity-InventoryInformation-Habitat_Inventory-6042532-56042532","Entity-InventoryInformation-Habitat_Inventory-6042533-56042533","Entity-InventoryInformation-Habitat_Inventory-6042534-56042534","Entity-InventoryInformation-Habitat_Inventory-6042535-56042535","Entity-InventoryInformation-Habitat_Inventory-6042536-56042536","Entity-InventoryInformation-Habitat_Inventory-6042537-56042537","Entity-InventoryInformation-Habitat_Inventory-6042538-56042538","Entity-InventoryInformation-Habitat_Inventory-6042539-56042539","Entity-InventoryInformation-Habitat_Inventory-6042540-56042540","Entity-InventoryInformation-Habitat_Inventory-6042541-56042541","Entity-InventoryInformation-Habitat_Inventory-6042542-56042542","Entity-InventoryInformation-Habitat_Inventory-6042543-56042543","Entity-InventoryInformation-Habitat_Inventory-6042544-56042544","Entity-InventoryInformation-Habitat_Inventory-6042545-56042545","Entity-InventoryInformation-Habitat_Inventory-6042546-56042546","Entity-InventoryInformation-Habitat_Inventory-6042547-56042547","Entity-InventoryInformation-Habitat_Inventory-6042548-56042548","Entity-InventoryInformation-Habitat_Inventory-6042549-56042549","Entity-InventoryInformation-Habitat_Inventory-6042550-56042550","Entity-InventoryInformation-Habitat_Inventory-6042551-56042551","Entity-InventoryInformation-Habitat_Inventory-6042552-56042552","Entity-InventoryInformation-Habitat_Inventory-6042553-56042553","Entity-InventoryInformation-Habitat_Inventory-6042554-56042554","Entity-InventoryInformation-Habitat_Inventory-6042555-56042555","Entity-InventoryInformation-Habitat_Inventory-6042556-56042556","Entity-InventoryInformation-Habitat_Inventory-6042557-56042557","Entity-InventoryInformation-Habitat_Inventory-6042558-56042558","Entity-InventoryInformation-Habitat_Inventory-6042559-56042559","Entity-InventoryInformation-Habitat_Inventory-6042560-56042560","Entity-InventoryInformation-Habitat_Inventory-6042561-56042561","Entity-InventoryInformation-Habitat_Inventory-6042561-56042562","Entity-InventoryInformation-Habitat_Inventory-6042561-56042563","Entity-InventoryInformation-Habitat_Inventory-6042561-56042564","Entity-InventoryInformation-Habitat_Inventory-6042561-56042565","Entity-InventoryInformation-Habitat_Inventory-6042561-56042566","Entity-InventoryInformation-Habitat_Inventory-6042986-56042986","Entity-InventoryInformation-Habitat_Inventory-6042986-56042987","Entity-InventoryInformation-Habitat_Inventory-6042986-56042988","Entity-InventoryInformation-Habitat_Inventory-6042989-56042989","Entity-InventoryInformation-Habitat_Inventory-6042989-56042990","Entity-InventoryInformation-Habitat_Inventory-6042989-56042991","Entity-InventoryInformation-Habitat_Inventory-6042886-56042886","Entity-InventoryInformation-Habitat_Inventory-6042886-56042887","Entity-InventoryInformation-Habitat_Inventory-6042886-56042888","Entity-InventoryInformation-Habitat_Inventory-6042886-56042889","Entity-InventoryInformation-Habitat_Inventory-6042886-56042890","Entity-InventoryInformation-Habitat_Inventory-6042891-56042891","Entity-InventoryInformation-Habitat_Inventory-6042891-56042892","Entity-InventoryInformation-Habitat_Inventory-6042891-56042893","Entity-InventoryInformation-Habitat_Inventory-6042891-56042894","Entity-InventoryInformation-Habitat_Inventory-6042891-56042895","Entity-InventoryInformation-Habitat_Inventory-6042896-56042896","Entity-InventoryInformation-Habitat_Inventory-6042896-56042897","Entity-InventoryInformation-Habitat_Inventory-6042896-56042898","Entity-InventoryInformation-Habitat_Inventory-6042896-56042899","Entity-InventoryInformation-Habitat_Inventory-6042896-56042900","Entity-InventoryInformation-Habitat_Inventory-6042901-56042901","Entity-InventoryInformation-Habitat_Inventory-6042901-56042902","Entity-InventoryInformation-Habitat_Inventory-6042901-56042903","Entity-InventoryInformation-Habitat_Inventory-6042901-56042904","Entity-InventoryInformation-Habitat_Inventory-6042901-56042905","Entity-InventoryInformation-Habitat_Inventory-6042906-56042906","Entity-InventoryInformation-Habitat_Inventory-6042907-56042907","Entity-InventoryInformation-Habitat_Inventory-6042907-56042908","Entity-InventoryInformation-Habitat_Inventory-6042909-56042909","Entity-InventoryInformation-Habitat_Inventory-6042910-56042910","Entity-InventoryInformation-Habitat_Inventory-6042911-56042911","Entity-InventoryInformation-Habitat_Inventory-6042912-56042912","Entity-InventoryInformation-Habitat_Inventory-6042913-56042913","Entity-InventoryInformation-Habitat_Inventory-6042922-56042922","Entity-InventoryInformation-Habitat_Inventory-6042923-56042923","Entity-InventoryInformation-Habitat_Inventory-6042924-56042924","Entity-InventoryInformation-Habitat_Inventory-6042924-56042925","Entity-InventoryInformation-Habitat_Inventory-6042924-56042926","Entity-InventoryInformation-Habitat_Inventory-6042924-56042927","Entity-InventoryInformation-Habitat_Inventory-6042924-56042928","Entity-InventoryInformation-Habitat_Inventory-6042929-56042929","Entity-InventoryInformation-Habitat_Inventory-6042930-56042930","Entity-InventoryInformation-Habitat_Inventory-6042930-56042931","Entity-InventoryInformation-Habitat_Inventory-6042930-56042932","Entity-InventoryInformation-Habitat_Inventory-6042930-56042933","Entity-InventoryInformation-Habitat_Inventory-6042930-56042934","Entity-InventoryInformation-Habitat_Inventory-6042935-56042935","Entity-InventoryInformation-Habitat_Inventory-6042936-56042936","Entity-InventoryInformation-Habitat_Inventory-6042937-56042937","Entity-InventoryInformation-Habitat_Inventory-6042938-56042938","Entity-InventoryInformation-Habitat_Inventory-6042939-56042939","Entity-InventoryInformation-Habitat_Inventory-6042939-56042940","Entity-InventoryInformation-Habitat_Inventory-6042941-56042941","Entity-InventoryInformation-Habitat_Inventory-6042941-56042942","Entity-InventoryInformation-Habitat_Inventory-6042943-56042943","Entity-InventoryInformation-Habitat_Inventory-6042944-56042944","Entity-InventoryInformation-Habitat_Inventory-6042944-56042945","Entity-InventoryInformation-Habitat_Inventory-6042946-56042946","Entity-InventoryInformation-Habitat_Inventory-6042946-56042947","Entity-InventoryInformation-Habitat_Inventory-6042948-56042948","Entity-InventoryInformation-Habitat_Inventory-6042948-56042949","Entity-InventoryInformation-Habitat_Inventory-6042948-56042950","Entity-InventoryInformation-Habitat_Inventory-6042948-56042951","Entity-InventoryInformation-Habitat_Inventory-6042952-56042952","Entity-InventoryInformation-Habitat_Inventory-6042952-56042953","Entity-InventoryInformation-Habitat_Inventory-6042952-56042954","Entity-InventoryInformation-Habitat_Inventory-6042952-56042955","Entity-InventoryInformation-Habitat_Inventory-6042956-56042956","Entity-InventoryInformation-Habitat_Inventory-6042957-56042957","Entity-InventoryInformation-Habitat_Inventory-6042957-56042958","Entity-InventoryInformation-Habitat_Inventory-6042957-56042959","Entity-InventoryInformation-Habitat_Inventory-6042957-56042960","Entity-InventoryInformation-Habitat_Inventory-6042957-56042961","Entity-InventoryInformation-Habitat_Inventory-6042390-56042390","Entity-InventoryInformation-Habitat_Inventory-6042391-56042391","Entity-InventoryInformation-Habitat_Inventory-6042392-56042392","Entity-InventoryInformation-Habitat_Inventory-6042393-56042393","Entity-InventoryInformation-Habitat_Inventory-6042394-56042394","Entity-InventoryInformation-Habitat_Inventory-6042395-56042395","Entity-InventoryInformation-Habitat_Inventory-6042396-56042396","Entity-InventoryInformation-Habitat_Inventory-6042397-56042397","Entity-InventoryInformation-Habitat_Inventory-6042398-56042398","Entity-InventoryInformation-Habitat_Inventory-6042399-56042399","Entity-InventoryInformation-Habitat_Inventory-6042400-56042400","Entity-InventoryInformation-Habitat_Inventory-6042401-56042401","Entity-InventoryInformation-Habitat_Inventory-6042402-56042402","Entity-InventoryInformation-Habitat_Inventory-6042402-56042403","Entity-InventoryInformation-Habitat_Inventory-6042402-56042404","Entity-InventoryInformation-Habitat_Inventory-6042402-56042405","Entity-InventoryInformation-Habitat_Inventory-6042406-56042406","Entity-InventoryInformation-Habitat_Inventory-6042407-56042407","Entity-InventoryInformation-Habitat_Inventory-6042408-56042408","Entity-InventoryInformation-Habitat_Inventory-6042409-56042409","Entity-InventoryInformation-Habitat_Inventory-6042410-56042410","Entity-InventoryInformation-Habitat_Inventory-6042411-56042411","Entity-InventoryInformation-Habitat_Inventory-6042412-56042412","Entity-InventoryInformation-Habitat_Inventory-6042413-56042413","Entity-InventoryInformation-Habitat_Inventory-6042414-56042414","Entity-InventoryInformation-Habitat_Inventory-6042415-56042415","Entity-InventoryInformation-Habitat_Inventory-6042416-56042416","Entity-InventoryInformation-Habitat_Inventory-6042417-56042417","Entity-InventoryInformation-Habitat_Inventory-6042418-56042418","Entity-InventoryInformation-Habitat_Inventory-6042419-56042419","Entity-InventoryInformation-Habitat_Inventory-6042420-56042420","Entity-InventoryInformation-Habitat_Inventory-6042421-56042421","Entity-InventoryInformation-Habitat_Inventory-6042422-56042422","Entity-InventoryInformation-Habitat_Inventory-6042423-56042423","Entity-InventoryInformation-Habitat_Inventory-6042305-56042305","Entity-InventoryInformation-Habitat_Inventory-6042305-56042306","Entity-InventoryInformation-Habitat_Inventory-6042305-56042307","Entity-InventoryInformation-Habitat_Inventory-6042308-56042308","Entity-InventoryInformation-Habitat_Inventory-6042308-56042309","Entity-InventoryInformation-Habitat_Inventory-6042308-56042310","Entity-InventoryInformation-Habitat_Inventory-6042308-56042311","Entity-InventoryInformation-Habitat_Inventory-6042308-56042312","Entity-InventoryInformation-Habitat_Inventory-6042313-56042313","Entity-InventoryInformation-Habitat_Inventory-6042313-56042314","Entity-InventoryInformation-Habitat_Inventory-6042313-56042315","Entity-InventoryInformation-Habitat_Inventory-6042313-56042316","Entity-InventoryInformation-Habitat_Inventory-6042313-56042317","Entity-InventoryInformation-Habitat_Inventory-6042318-56042318","Entity-InventoryInformation-Habitat_Inventory-6042318-56042319","Entity-InventoryInformation-Habitat_Inventory-6042318-56042320","Entity-InventoryInformation-Habitat_Inventory-6042318-56042321","Entity-InventoryInformation-Habitat_Inventory-6042318-56042322","Entity-InventoryInformation-Habitat_Inventory-6042323-56042323","Entity-InventoryInformation-Habitat_Inventory-6042323-56042324","Entity-InventoryInformation-Habitat_Inventory-6042325-56042325","Entity-InventoryInformation-Habitat_Inventory-6042325-56042326","Entity-InventoryInformation-Habitat_Inventory-6042327-56042327","Entity-InventoryInformation-Habitat_Inventory-6042328-56042328","Entity-InventoryInformation-Habitat_Inventory-6042329-56042329","Entity-InventoryInformation-Habitat_Inventory-6042330-56042330","Entity-InventoryInformation-Habitat_Inventory-6042331-56042331","Entity-InventoryInformation-Habitat_Inventory-6042332-56042332","Entity-InventoryInformation-Habitat_Inventory-6042333-56042333","Entity-InventoryInformation-Habitat_Inventory-6042334-56042334","Entity-InventoryInformation-Habitat_Inventory-6042335-56042335","Entity-InventoryInformation-Habitat_Inventory-6042336-56042336","Entity-InventoryInformation-Habitat_Inventory-6042337-56042337","Entity-InventoryInformation-Habitat_Inventory-6042337-56042338","Entity-InventoryInformation-Habitat_Inventory-6042337-56042339","Entity-InventoryInformation-Habitat_Inventory-6042337-56042340","Entity-InventoryInformation-Habitat_Inventory-6042337-56042341","Entity-InventoryInformation-Habitat_Inventory-6042337-56042342","Entity-InventoryInformation-Habitat_Inventory-6042337-56042343","Entity-InventoryInformation-Habitat_Inventory-6042337-56042344","Entity-InventoryInformation-Habitat_Inventory-6042337-56042345","Entity-InventoryInformation-Habitat_Inventory-6042337-56042346","Entity-InventoryInformation-Habitat_Inventory-6042347-56042347","Entity-InventoryInformation-Habitat_Inventory-6042348-56042348","Entity-InventoryInformation-Habitat_Inventory-6042348-56042349","Entity-InventoryInformation-Habitat_Inventory-6042348-56042350","Entity-InventoryInformation-Habitat_Inventory-6042348-56042351","Entity-InventoryInformation-Habitat_Inventory-6042348-56042352","Entity-InventoryInformation-Habitat_Inventory-6042348-56042353","Entity-InventoryInformation-Habitat_Inventory-6042348-56042354","Entity-InventoryInformation-Habitat_Inventory-6042348-56042355","Entity-InventoryInformation-Habitat_Inventory-6042348-56042356","Entity-InventoryInformation-Habitat_Inventory-6042348-56042357","Entity-InventoryInformation-Habitat_Inventory-6042358-56042358","Entity-InventoryInformation-Habitat_Inventory-6042359-56042359","Entity-InventoryInformation-Habitat_Inventory-6042360-56042360","Entity-InventoryInformation-Habitat_Inventory-6042361-56042361","Entity-InventoryInformation-Habitat_Inventory-6042362-56042362","Entity-InventoryInformation-Habitat_Inventory-6042363-56042363","Entity-InventoryInformation-Habitat_Inventory-6042364-56042364","Entity-InventoryInformation-Habitat_Inventory-6042365-56042365","Entity-InventoryInformation-Habitat_Inventory-6042366-56042366","Entity-InventoryInformation-Habitat_Inventory-6042367-56042367","Entity-InventoryInformation-Habitat_Inventory-6042368-56042368","Entity-InventoryInformation-Habitat_Inventory-6042369-56042369","Entity-InventoryInformation-Habitat_Inventory-6042370-56042370","Entity-InventoryInformation-Habitat_Inventory-6042371-56042371","Entity-InventoryInformation-Habitat_Inventory-6042372-56042372","Entity-InventoryInformation-Habitat_Inventory-6042372-56042373","Entity-InventoryInformation-Habitat_Inventory-6042372-56042374","Entity-InventoryInformation-Habitat_Inventory-6042375-56042375","Entity-InventoryInformation-Habitat_Inventory-6042376-56042376","Entity-InventoryInformation-Habitat_Inventory-6042376-56042377","Entity-InventoryInformation-Habitat_Inventory-6042376-56042378","Entity-InventoryInformation-Habitat_Inventory-6042376-56042379","Entity-InventoryInformation-Habitat_Inventory-6042380-56042380","Entity-InventoryInformation-Habitat_Inventory-6042381-56042381","Entity-InventoryInformation-Habitat_Inventory-6042382-56042382","Entity-InventoryInformation-Habitat_Inventory-6042383-56042383","Entity-InventoryInformation-Habitat_Inventory-6042384-56042384","Entity-InventoryInformation-Habitat_Inventory-6042385-56042385","Entity-InventoryInformation-Habitat_Inventory-6042386-56042386","Entity-InventoryInformation-Habitat_Inventory-6042387-56042387","Entity-InventoryInformation-Habitat_Inventory-6042387-56042388","Entity-InventoryInformation-Habitat_Inventory-6042387-56042389","Entity-InventoryInformation-Habitat_Inventory-6042260-56042260","Entity-InventoryInformation-Habitat_Inventory-6042261-56042261","Entity-InventoryInformation-Habitat_Inventory-6042262-56042262","Entity-InventoryInformation-Habitat_Inventory-6042264-56042264","Entity-InventoryInformation-Habitat_Inventory-6042265-56042265","Entity-InventoryInformation-Habitat_Inventory-6042266-56042266","Entity-InventoryInformation-Habitat_Inventory-6042267-56042267","Entity-InventoryInformation-Habitat_Inventory-6042268-56042268","Entity-InventoryInformation-Habitat_Inventory-6042269-56042269","Entity-InventoryInformation-Habitat_Inventory-6042270-56042270","Entity-InventoryInformation-Habitat_Inventory-6042271-56042271","Entity-InventoryInformation-Habitat_Inventory-6042272-56042272","Entity-InventoryInformation-Habitat_Inventory-6042273-56042273","Entity-InventoryInformation-Habitat_Inventory-6042274-56042274","Entity-InventoryInformation-Habitat_Inventory-6042275-56042275","Entity-InventoryInformation-Habitat_Inventory-6042276-56042276","Entity-InventoryInformation-Habitat_Inventory-6042277-56042277","Entity-InventoryInformation-Habitat_Inventory-6042278-56042278","Entity-InventoryInformation-Habitat_Inventory-6042279-56042279","Entity-InventoryInformation-Habitat_Inventory-6042280-56042280","Entity-InventoryInformation-Habitat_Inventory-6042281-56042281","Entity-InventoryInformation-Habitat_Inventory-6042282-56042282","Entity-InventoryInformation-Habitat_Inventory-6042283-56042283","Entity-InventoryInformation-Habitat_Inventory-6042284-56042284","Entity-InventoryInformation-Habitat_Inventory-6042285-56042285","Entity-InventoryInformation-Habitat_Inventory-6042286-56042286","Entity-InventoryInformation-Habitat_Inventory-6042287-56042287","Entity-InventoryInformation-Habitat_Inventory-6042288-56042288","Entity-InventoryInformation-Habitat_Inventory-6042289-56042289","Entity-InventoryInformation-Habitat_Inventory-6042290-56042290","Entity-InventoryInformation-Habitat_Inventory-6042291-56042291","Entity-InventoryInformation-Habitat_Inventory-6042292-56042292","Entity-InventoryInformation-Habitat_Inventory-6042293-56042293","Entity-InventoryInformation-Habitat_Inventory-6042294-56042294","Entity-InventoryInformation-Habitat_Inventory-6042295-56042295","Entity-InventoryInformation-Habitat_Inventory-6042299-56042299","Entity-InventoryInformation-Habitat_Inventory-6042299-56042300","Entity-InventoryInformation-Habitat_Inventory-6042299-56042301","Entity-InventoryInformation-Habitat_Inventory-6042299-56042302","Entity-InventoryInformation-Habitat_Inventory-6042299-56042303","Entity-InventoryInformation-Habitat_Inventory-6042299-56042304"]},"RelationshipType":"InventorySetToInventoryInformation"}]}