{"$type":"System.Collections.Generic.List`1[[Sitecore.Commerce.Plugin.Catalog.ImportRelationshipsArgument, Sitecore.Commerce.Plugin.Catalog]], mscorlib","$values":[{"$type":"Sitecore.Commerce.Plugin.Catalog.ImportRelationshipsArgument, Sitecore.Commerce.Plugin.Catalog","SourceId":"Entity-Category-Adventure Works Catalog-Departments","SourceEntityVersion":1,"TargetIds":{"$type":"System.Collections.Generic.List`1[[System.String, mscorlib]], mscorlib","$values":["Entity-Category-Adventure Works Catalog-SleepingBags","Entity-Category-Adventure Works Catalog-Boots","Entity-Category-Adventure Works Catalog-Tents","Entity-Category-Adventure Works Catalog-Parkas","Entity-Category-Adventure Works Catalog-Pants","Entity-Category-Adventure Works Catalog-Harnesses","Entity-Category-Adventure Works Catalog-Crampons","Entity-Category-Adventure Works Catalog-Carabiners","Entity-Category-Adventure Works Catalog-Rockshoes","Entity-Category-Adventure Works Catalog-Backpacks","Entity-Category-Adventure Works Catalog-Shirts","Entity-Category-Adventure Works Catalog-Supplies","Entity-Category-Adventure Works Catalog-SaleItems"]},"RelationshipType":"CategoryToCategory"},{"$type":"Sitecore.Commerce.Plugin.Catalog.ImportRelationshipsArgument, Sitecore.Commerce.Plugin.Catalog","SourceId":"Entity-Category-Adventure Works Catalog-SleepingBags","SourceEntityVersion":1,"TargetIds":{"$type":"System.Collections.Generic.List`1[[System.String, mscorlib]], mscorlib","$values":["Entity-Category-Adventure Works Catalog-Tents","Entity-Category-Adventure Works Catalog-Supplies"]},"RelationshipType":"CrossSellCategoryToCategory"},{"$type":"Sitecore.Commerce.Plugin.Catalog.ImportRelationshipsArgument, Sitecore.Commerce.Plugin.Catalog","SourceId":"Entity-Category-Adventure Works Catalog-Tents","SourceEntityVersion":1,"TargetIds":{"$type":"System.Collections.Generic.List`1[[System.String, mscorlib]], mscorlib","$values":["Entity-Category-Adventure Works Catalog-SleepingBags","Entity-Category-Adventure Works Catalog-Supplies"]},"RelationshipType":"CrossSellCategoryToCategory"},{"$type":"Sitecore.Commerce.Plugin.Catalog.ImportRelationshipsArgument, Sitecore.Commerce.Plugin.Catalog","SourceId":"Entity-Category-Adventure Works Catalog-Supplies","SourceEntityVersion":1,"TargetIds":{"$type":"System.Collections.Generic.List`1[[System.String, mscorlib]], mscorlib","$values":["Entity-Category-Adventure Works Catalog-SleepingBags","Entity-Category-Adventure Works Catalog-Tents"]},"RelationshipType":"CrossSellCategoryToCategory"},{"$type":"Sitecore.Commerce.Plugin.Catalog.ImportRelationshipsArgument, Sitecore.Commerce.Plugin.Catalog","SourceId":"Entity-Category-Adventure Works Catalog-Supplies","SourceEntityVersion":1,"TargetIds":{"$type":"System.Collections.Generic.List`1[[System.String, mscorlib]], mscorlib","$values":["Entity-Category-Adventure Works Catalog-Stoves"]},"RelationshipType":"CategoryToCategory"},{"$type":"Sitecore.Commerce.Plugin.Catalog.ImportRelationshipsArgument, Sitecore.Commerce.Plugin.Catalog","SourceId":"Entity-Catalog-Adventure Works Catalog","SourceEntityVersion":1,"TargetIds":{"$type":"System.Collections.Generic.List`1[[System.String, mscorlib]], mscorlib","$values":["Entity-SellableItem-AW099 15","Entity-SellableItem-AW013 08"]},"RelationshipType":"CatalogToSellableItem"},{"$type":"Sitecore.Commerce.Plugin.Catalog.ImportRelationshipsArgument, Sitecore.Commerce.Plugin.Catalog","SourceId":"Entity-Category-Adventure Works Catalog-Crampons","SourceEntityVersion":1,"TargetIds":{"$type":"System.Collections.Generic.List`1[[System.String, mscorlib]], mscorlib","$values":["Entity-SellableItem-AW109 15","Entity-SellableItem-AW145 15","Entity-SellableItem-AW149 15"]},"RelationshipType":"CategoryToSellableItem"},{"$type":"Sitecore.Commerce.Plugin.Catalog.ImportRelationshipsArgument, Sitecore.Commerce.Plugin.Catalog","SourceId":"Entity-Category-Adventure Works Catalog-SaleItems","SourceEntityVersion":1,"TargetIds":{"$type":"System.Collections.Generic.List`1[[System.String, mscorlib]], mscorlib","$values":["Entity-SellableItem-AW145 15","Entity-SellableItem-AW149 15","Entity-SellableItem-AW007 08","Entity-SellableItem-AW009 08","Entity-SellableItem-AW150 05","Entity-SellableItem-AW031 14","Entity-SellableItem-AW029 10","Entity-SellableItem-AW032 10","Entity-SellableItem-AW053 10","Entity-SellableItem-AW074 04","Entity-SellableItem-AW098 04","Entity-SellableItem-AW125 06","Entity-SellableItem-AW175 13","Entity-SellableItem-AW188 06","Entity-SellableItem-AW200 12","Entity-SellableItem-AW210 12","Entity-SellableItem-AW250 06","Entity-SellableItem-AW325 13","Entity-SellableItem-AW335 11","Entity-SellableItem-AW535 11"]},"RelationshipType":"CategoryToSellableItem"},{"$type":"Sitecore.Commerce.Plugin.Catalog.ImportRelationshipsArgument, Sitecore.Commerce.Plugin.Catalog","SourceId":"Entity-Category-Adventure Works Catalog-FeaturedProducts","SourceEntityVersion":1,"TargetIds":{"$type":"System.Collections.Generic.List`1[[System.String, mscorlib]], mscorlib","$values":["Entity-SellableItem-AW145 15","Entity-SellableItem-AW029 10","Entity-SellableItem-AW175 13","Entity-SellableItem-AW188 06"]},"RelationshipType":"CategoryToSellableItem"},{"$type":"Sitecore.Commerce.Plugin.Catalog.ImportRelationshipsArgument, Sitecore.Commerce.Plugin.Catalog","SourceId":"Entity-Category-Adventure Works Catalog-Carabiners","SourceEntityVersion":1,"TargetIds":{"$type":"System.Collections.Generic.List`1[[System.String, mscorlib]], mscorlib","$values":["Entity-SellableItem-AW014 08","Entity-SellableItem-AW007 08"]},"RelationshipType":"CategoryToSellableItem"}]}