{"$type":"System.Collections.Generic.List`1[[Sitecore.Commerce.Plugin.Inventory.InventoryInformation, Sitecore.Commerce.Plugin.Inventory]], mscorlib","$values":[{"$type":"Sitecore.Commerce.Plugin.Inventory.InventoryInformation, Sitecore.Commerce.Plugin.Inventory","InventorySet":{"$type":"Sitecore.Commerce.Core.EntityReference, Sitecore.Commerce.Core","Name":"","EntityTarget":"Entity-InventorySet-Habitat_Inventory","EntityTargetUniqueId":"00000000-0000-0000-0000-000000000000","Policies":{"$type":"System.Collections.Generic.List`1[[Sitecore.Commerce.Core.Policy, Sitecore.Commerce.Core]], mscorlib","$values":[]}},"SellableItem":{"$type":"Sitecore.Commerce.Core.EntityReference, Sitecore.Commerce.Core","Name":"","EntityTarget":"Entity-SellableItem-7042153","EntityTargetUniqueId":"00000000-0000-0000-0000-000000000000","Policies":{"$type":"System.Collections.Generic.List`1[[Sitecore.Commerce.Core.Policy, Sitecore.Commerce.Core]], mscorlib","$values":[]}},"VariationId":"57042153","Quantity":10000,"InvoiceUnitPrice":{"$type":"Sitecore.Commerce.Core.Money, Sitecore.Commerce.Core","CurrencyCode":"USD","Amount":0.0},"Components":{"$type":"System.Collections.Generic.List`1[[Sitecore.Commerce.Core.Component, Sitecore.Commerce.Core]], mscorlib","$values":[]},"DateCreated":"2020-05-13T18:44:02.0599556+00:00","DateUpdated":"2020-05-13T18:44:02.0599556+00:00","DisplayName":"Habitat_Inventory-7042153-57042153","FriendlyId":"Habitat_Inventory-7042153-57042153","Id":"Entity-InventoryInformation-Habitat_Inventory-7042153-57042153","Version":0,"EntityVersion":1,"Published":true,"IsPersisted":false,"Name":"Habitat_Inventory-7042153-57042153","UniqueId":"00000000-0000-0000-0000-000000000000","Policies":{"$type":"System.Collections.Generic.List`1[[Sitecore.Commerce.Core.Policy, Sitecore.Commerce.Core]], mscorlib","$values":[]}},{"$type":"Sitecore.Commerce.Plugin.Inventory.InventoryInformation, Sitecore.Commerce.Plugin.Inventory","InventorySet":{"$type":"Sitecore.Commerce.Core.EntityReference, Sitecore.Commerce.Core","Name":"","EntityTarget":"Entity-InventorySet-Habitat_Inventory","EntityTargetUniqueId":"00000000-0000-0000-0000-000000000000","Policies":{"$type":"System.Collections.Generic.List`1[[Sitecore.Commerce.Core.Policy, Sitecore.Commerce.Core]], mscorlib","$values":[]}},"SellableItem":{"$type":"Sitecore.Commerce.Core.EntityReference, Sitecore.Commerce.Core","Name":"","EntityTarget":"Entity-SellableItem-7042154","EntityTargetUniqueId":"00000000-0000-0000-0000-000000000000","Policies":{"$type":"System.Collections.Generic.List`1[[Sitecore.Commerce.Core.Policy, Sitecore.Commerce.Core]], mscorlib","$values":[]}},"VariationId":"57042154","Quantity":10000,"InvoiceUnitPrice":{"$type":"Sitecore.Commerce.Core.Money, Sitecore.Commerce.Core","CurrencyCode":"USD","Amount":0.0},"Components":{"$type":"System.Collections.Generic.List`1[[Sitecore.Commerce.Core.Component, Sitecore.Commerce.Core]], mscorlib","$values":[]},"DateCreated":"2020-05-13T18:44:02.0599556+00:00","DateUpdated":"2020-05-13T18:44:02.0599556+00:00","DisplayName":"Habitat_Inventory-7042154-57042154","FriendlyId":"Habitat_Inventory-7042154-57042154","Id":"Entity-InventoryInformation-Habitat_Inventory-7042154-57042154","Version":0,"EntityVersion":1,"Published":true,"IsPersisted":false,"Name":"Habitat_Inventory-7042154-57042154","UniqueId":"00000000-0000-0000-0000-000000000000","Policies":{"$type":"System.Collections.Generic.List`1[[Sitecore.Commerce.Core.Policy, Sitecore.Commerce.Core]], mscorlib","$values":[]}},{"$type":"Sitecore.Commerce.Plugin.Inventory.InventoryInformation, Sitecore.Commerce.Plugin.Inventory","InventorySet":{"$type":"Sitecore.Commerce.Core.EntityReference, Sitecore.Commerce.Core","Name":"","EntityTarget":"Entity-InventorySet-Habitat_Inventory","EntityTargetUniqueId":"00000000-0000-0000-0000-000000000000","Policies":{"$type":"System.Collections.Generic.List`1[[Sitecore.Commerce.Core.Policy, Sitecore.Commerce.Core]], mscorlib","$values":[]}},"SellableItem":{"$type":"Sitecore.Commerce.Core.EntityReference, Sitecore.Commerce.Core","Name":"","EntityTarget":"Entity-SellableItem-7042155","EntityTargetUniqueId":"00000000-0000-0000-0000-000000000000","Policies":{"$type":"System.Collections.Generic.List`1[[Sitecore.Commerce.Core.Policy, Sitecore.Commerce.Core]], mscorlib","$values":[]}},"VariationId":"57042155","Quantity":10000,"InvoiceUnitPrice":{"$type":"Sitecore.Commerce.Core.Money, Sitecore.Commerce.Core","CurrencyCode":"USD","Amount":0.0},"Components":{"$type":"System.Collections.Generic.List`1[[Sitecore.Commerce.Core.Component, Sitecore.Commerce.Core]], mscorlib","$values":[]},"DateCreated":"2020-05-13T18:44:02.0599556+00:00","DateUpdated":"2020-05-13T18:44:02.0599556+00:00","DisplayName":"Habitat_Inventory-7042155-57042155","FriendlyId":"Habitat_Inventory-7042155-57042155","Id":"Entity-InventoryInformation-Habitat_Inventory-7042155-57042155","Version":0,"EntityVersion":1,"Published":true,"IsPersisted":false,"Name":"Habitat_Inventory-7042155-57042155","UniqueId":"00000000-0000-0000-0000-000000000000","Policies":{"$type":"System.Collections.Generic.List`1[[Sitecore.Commerce.Core.Policy, Sitecore.Commerce.Core]], mscorlib","$values":[]}},{"$type":"Sitecore.Commerce.Plugin.Inventory.InventoryInformation, Sitecore.Commerce.Plugin.Inventory","InventorySet":{"$type":"Sitecore.Commerce.Core.EntityReference, Sitecore.Commerce.Core","Name":"","EntityTarget":"Entity-InventorySet-Habitat_Inventory","EntityTargetUniqueId":"00000000-0000-0000-0000-000000000000","Policies":{"$type":"System.Collections.Generic.List`1[[Sitecore.Commerce.Core.Policy, Sitecore.Commerce.Core]], mscorlib","$values":[]}},"SellableItem":{"$type":"Sitecore.Commerce.Core.EntityReference, Sitecore.Commerce.Core","Name":"","EntityTarget":"Entity-SellableItem-7042156","EntityTargetUniqueId":"00000000-0000-0000-0000-000000000000","Policies":{"$type":"System.Collections.Generic.List`1[[Sitecore.Commerce.Core.Policy, Sitecore.Commerce.Core]], mscorlib","$values":[]}},"VariationId":"57042156","Quantity":10000,"InvoiceUnitPrice":{"$type":"Sitecore.Commerce.Core.Money, Sitecore.Commerce.Core","CurrencyCode":"USD","Amount":0.0},"Components":{"$type":"System.Collections.Generic.List`1[[Sitecore.Commerce.Core.Component, Sitecore.Commerce.Core]], mscorlib","$values":[]},"DateCreated":"2020-05-13T18:44:02.0599556+00:00","DateUpdated":"2020-05-13T18:44:02.0599556+00:00","DisplayName":"Habitat_Inventory-7042156-57042156","FriendlyId":"Habitat_Inventory-7042156-57042156","Id":"Entity-InventoryInformation-Habitat_Inventory-7042156-57042156","Version":0,"EntityVersion":1,"Published":true,"IsPersisted":false,"Name":"Habitat_Inventory-7042156-57042156","UniqueId":"00000000-0000-0000-0000-000000000000","Policies":{"$type":"System.Collections.Generic.List`1[[Sitecore.Commerce.Core.Policy, Sitecore.Commerce.Core]], mscorlib","$values":[]}},{"$type":"Sitecore.Commerce.Plugin.Inventory.InventoryInformation, Sitecore.Commerce.Plugin.Inventory","InventorySet":{"$type":"Sitecore.Commerce.Core.EntityReference, Sitecore.Commerce.Core","Name":"","EntityTarget":"Entity-InventorySet-Habitat_Inventory","EntityTargetUniqueId":"00000000-0000-0000-0000-000000000000","Policies":{"$type":"System.Collections.Generic.List`1[[Sitecore.Commerce.Core.Policy, Sitecore.Commerce.Core]], mscorlib","$values":[]}},"SellableItem":{"$type":"Sitecore.Commerce.Core.EntityReference, Sitecore.Commerce.Core","Name":"","EntityTarget":"Entity-SellableItem-7042157","EntityTargetUniqueId":"00000000-0000-0000-0000-000000000000","Policies":{"$type":"System.Collections.Generic.List`1[[Sitecore.Commerce.Core.Policy, Sitecore.Commerce.Core]], mscorlib","$values":[]}},"VariationId":"57042157","Quantity":10000,"InvoiceUnitPrice":{"$type":"Sitecore.Commerce.Core.Money, Sitecore.Commerce.Core","CurrencyCode":"USD","Amount":0.0},"Components":{"$type":"System.Collections.Generic.List`1[[Sitecore.Commerce.Core.Component, Sitecore.Commerce.Core]], mscorlib","$values":[]},"DateCreated":"2020-05-13T18:44:02.0599556+00:00","DateUpdated":"2020-05-13T18:44:02.0599556+00:00","DisplayName":"Habitat_Inventory-7042157-57042157","FriendlyId":"Habitat_Inventory-7042157-57042157","Id":"Entity-InventoryInformation-Habitat_Inventory-7042157-57042157","Version":0,"EntityVersion":1,"Published":true,"IsPersisted":false,"Name":"Habitat_Inventory-7042157-57042157","UniqueId":"00000000-0000-0000-0000-000000000000","Policies":{"$type":"System.Collections.Generic.List`1[[Sitecore.Commerce.Core.Policy, Sitecore.Commerce.Core]], mscorlib","$values":[]}},{"$type":"Sitecore.Commerce.Plugin.Inventory.InventoryInformation, Sitecore.Commerce.Plugin.Inventory","InventorySet":{"$type":"Sitecore.Commerce.Core.EntityReference, Sitecore.Commerce.Core","Name":"","EntityTarget":"Entity-InventorySet-Habitat_Inventory","EntityTargetUniqueId":"00000000-0000-0000-0000-000000000000","Policies":{"$type":"System.Collections.Generic.List`1[[Sitecore.Commerce.Core.Policy, Sitecore.Commerce.Core]], mscorlib","$values":[]}},"SellableItem":{"$type":"Sitecore.Commerce.Core.EntityReference, Sitecore.Commerce.Core","Name":"","EntityTarget":"Entity-SellableItem-7042158","EntityTargetUniqueId":"00000000-0000-0000-0000-000000000000","Policies":{"$type":"System.Collections.Generic.List`1[[Sitecore.Commerce.Core.Policy, Sitecore.Commerce.Core]], mscorlib","$values":[]}},"VariationId":"57042158","Quantity":10000,"InvoiceUnitPrice":{"$type":"Sitecore.Commerce.Core.Money, Sitecore.Commerce.Core","CurrencyCode":"USD","Amount":0.0},"Components":{"$type":"System.Collections.Generic.List`1[[Sitecore.Commerce.Core.Component, Sitecore.Commerce.Core]], mscorlib","$values":[]},"DateCreated":"2020-05-13T18:44:02.0599556+00:00","DateUpdated":"2020-05-13T18:44:02.0599556+00:00","DisplayName":"Habitat_Inventory-7042158-57042158","FriendlyId":"Habitat_Inventory-7042158-57042158","Id":"Entity-InventoryInformation-Habitat_Inventory-7042158-57042158","Version":0,"EntityVersion":1,"Published":true,"IsPersisted":false,"Name":"Habitat_Inventory-7042158-57042158","UniqueId":"00000000-0000-0000-0000-000000000000","Policies":{"$type":"System.Collections.Generic.List`1[[Sitecore.Commerce.Core.Policy, Sitecore.Commerce.Core]], mscorlib","$values":[]}},{"$type":"Sitecore.Commerce.Plugin.Inventory.InventoryInformation, Sitecore.Commerce.Plugin.Inventory","InventorySet":{"$type":"Sitecore.Commerce.Core.EntityReference, Sitecore.Commerce.Core","Name":"","EntityTarget":"Entity-InventorySet-Habitat_Inventory","EntityTargetUniqueId":"00000000-0000-0000-0000-000000000000","Policies":{"$type":"System.Collections.Generic.List`1[[Sitecore.Commerce.Core.Policy, Sitecore.Commerce.Core]], mscorlib","$values":[]}},"SellableItem":{"$type":"Sitecore.Commerce.Core.EntityReference, Sitecore.Commerce.Core","Name":"","EntityTarget":"Entity-SellableItem-7042159","EntityTargetUniqueId":"00000000-0000-0000-0000-000000000000","Policies":{"$type":"System.Collections.Generic.List`1[[Sitecore.Commerce.Core.Policy, Sitecore.Commerce.Core]], mscorlib","$values":[]}},"VariationId":"57042159","Quantity":10000,"InvoiceUnitPrice":{"$type":"Sitecore.Commerce.Core.Money, Sitecore.Commerce.Core","CurrencyCode":"USD","Amount":0.0},"Components":{"$type":"System.Collections.Generic.List`1[[Sitecore.Commerce.Core.Component, Sitecore.Commerce.Core]], mscorlib","$values":[]},"DateCreated":"2020-05-13T18:44:02.0599556+00:00","DateUpdated":"2020-05-13T18:44:02.0599556+00:00","DisplayName":"Habitat_Inventory-7042159-57042159","FriendlyId":"Habitat_Inventory-7042159-57042159","Id":"Entity-InventoryInformation-Habitat_Inventory-7042159-57042159","Version":0,"EntityVersion":1,"Published":true,"IsPersisted":false,"Name":"Habitat_Inventory-7042159-57042159","UniqueId":"00000000-0000-0000-0000-000000000000","Policies":{"$type":"System.Collections.Generic.List`1[[Sitecore.Commerce.Core.Policy, Sitecore.Commerce.Core]], mscorlib","$values":[]}},{"$type":"Sitecore.Commerce.Plugin.Inventory.InventoryInformation, Sitecore.Commerce.Plugin.Inventory","InventorySet":{"$type":"Sitecore.Commerce.Core.EntityReference, Sitecore.Commerce.Core","Name":"","EntityTarget":"Entity-InventorySet-Habitat_Inventory","EntityTargetUniqueId":"00000000-0000-0000-0000-000000000000","Policies":{"$type":"System.Collections.Generic.List`1[[Sitecore.Commerce.Core.Policy, Sitecore.Commerce.Core]], mscorlib","$values":[]}},"SellableItem":{"$type":"Sitecore.Commerce.Core.EntityReference, Sitecore.Commerce.Core","Name":"","EntityTarget":"Entity-SellableItem-7042160","EntityTargetUniqueId":"00000000-0000-0000-0000-000000000000","Policies":{"$type":"System.Collections.Generic.List`1[[Sitecore.Commerce.Core.Policy, Sitecore.Commerce.Core]], mscorlib","$values":[]}},"VariationId":"57042160","Quantity":10000,"InvoiceUnitPrice":{"$type":"Sitecore.Commerce.Core.Money, Sitecore.Commerce.Core","CurrencyCode":"USD","Amount":0.0},"Components":{"$type":"System.Collections.Generic.List`1[[Sitecore.Commerce.Core.Component, Sitecore.Commerce.Core]], mscorlib","$values":[]},"DateCreated":"2020-05-13T18:44:02.0599556+00:00","DateUpdated":"2020-05-13T18:44:02.0599556+00:00","DisplayName":"Habitat_Inventory-7042160-57042160","FriendlyId":"Habitat_Inventory-7042160-57042160","Id":"Entity-InventoryInformation-Habitat_Inventory-7042160-57042160","Version":0,"EntityVersion":1,"Published":true,"IsPersisted":false,"Name":"Habitat_Inventory-7042160-57042160","UniqueId":"00000000-0000-0000-0000-000000000000","Policies":{"$type":"System.Collections.Generic.List`1[[Sitecore.Commerce.Core.Policy, Sitecore.Commerce.Core]], mscorlib","$values":[]}},{"$type":"Sitecore.Commerce.Plugin.Inventory.InventoryInformation, Sitecore.Commerce.Plugin.Inventory","InventorySet":{"$type":"Sitecore.Commerce.Core.EntityReference, Sitecore.Commerce.Core","Name":"","EntityTarget":"Entity-InventorySet-Habitat_Inventory","EntityTargetUniqueId":"00000000-0000-0000-0000-000000000000","Policies":{"$type":"System.Collections.Generic.List`1[[Sitecore.Commerce.Core.Policy, Sitecore.Commerce.Core]], mscorlib","$values":[]}},"SellableItem":{"$type":"Sitecore.Commerce.Core.EntityReference, Sitecore.Commerce.Core","Name":"","EntityTarget":"Entity-SellableItem-7042161","EntityTargetUniqueId":"00000000-0000-0000-0000-000000000000","Policies":{"$type":"System.Collections.Generic.List`1[[Sitecore.Commerce.Core.Policy, Sitecore.Commerce.Core]], mscorlib","$values":[]}},"VariationId":"57042161","Quantity":10000,"InvoiceUnitPrice":{"$type":"Sitecore.Commerce.Core.Money, Sitecore.Commerce.Core","CurrencyCode":"USD","Amount":0.0},"Components":{"$type":"System.Collections.Generic.List`1[[Sitecore.Commerce.Core.Component, Sitecore.Commerce.Core]], mscorlib","$values":[]},"DateCreated":"2020-05-13T18:44:02.0599556+00:00","DateUpdated":"2020-05-13T18:44:02.0599556+00:00","DisplayName":"Habitat_Inventory-7042161-57042161","FriendlyId":"Habitat_Inventory-7042161-57042161","Id":"Entity-InventoryInformation-Habitat_Inventory-7042161-57042161","Version":0,"EntityVersion":1,"Published":true,"IsPersisted":false,"Name":"Habitat_Inventory-7042161-57042161","UniqueId":"00000000-0000-0000-0000-000000000000","Policies":{"$type":"System.Collections.Generic.List`1[[Sitecore.Commerce.Core.Policy, Sitecore.Commerce.Core]], mscorlib","$values":[]}},{"$type":"Sitecore.Commerce.Plugin.Inventory.InventoryInformation, Sitecore.Commerce.Plugin.Inventory","InventorySet":{"$type":"Sitecore.Commerce.Core.EntityReference, Sitecore.Commerce.Core","Name":"","EntityTarget":"Entity-InventorySet-Habitat_Inventory","EntityTargetUniqueId":"00000000-0000-0000-0000-000000000000","Policies":{"$type":"System.Collections.Generic.List`1[[Sitecore.Commerce.Core.Policy, Sitecore.Commerce.Core]], mscorlib","$values":[]}},"SellableItem":{"$type":"Sitecore.Commerce.Core.EntityReference, Sitecore.Commerce.Core","Name":"","EntityTarget":"Entity-SellableItem-7042162","EntityTargetUniqueId":"00000000-0000-0000-0000-000000000000","Policies":{"$type":"System.Collections.Generic.List`1[[Sitecore.Commerce.Core.Policy, Sitecore.Commerce.Core]], mscorlib","$values":[]}},"VariationId":"57042162","Quantity":10000,"InvoiceUnitPrice":{"$type":"Sitecore.Commerce.Core.Money, Sitecore.Commerce.Core","CurrencyCode":"USD","Amount":0.0},"Components":{"$type":"System.Collections.Generic.List`1[[Sitecore.Commerce.Core.Component, Sitecore.Commerce.Core]], mscorlib","$values":[]},"DateCreated":"2020-05-13T18:44:02.0599556+00:00","DateUpdated":"2020-05-13T18:44:02.0599556+00:00","DisplayName":"Habitat_Inventory-7042162-57042162","FriendlyId":"Habitat_Inventory-7042162-57042162","Id":"Entity-InventoryInformation-Habitat_Inventory-7042162-57042162","Version":0,"EntityVersion":1,"Published":true,"IsPersisted":false,"Name":"Habitat_Inventory-7042162-57042162","UniqueId":"00000000-0000-0000-0000-000000000000","Policies":{"$type":"System.Collections.Generic.List`1[[Sitecore.Commerce.Core.Policy, Sitecore.Commerce.Core]], mscorlib","$values":[]}}]}