{"$type":"System.Collections.Generic.List`1[[Sitecore.Commerce.Plugin.Inventory.InventoryInformation, Sitecore.Commerce.Plugin.Inventory]], mscorlib","$values":[{"$type":"Sitecore.Commerce.Plugin.Inventory.InventoryInformation, Sitecore.Commerce.Plugin.Inventory","InventorySet":{"$type":"Sitecore.Commerce.Core.EntityReference, Sitecore.Commerce.Core","Name":"","EntityTarget":"Entity-InventorySet-Habitat_Inventory","EntityTargetUniqueId":"00000000-0000-0000-0000-000000000000","Policies":{"$type":"System.Collections.Generic.List`1[[Sitecore.Commerce.Core.Policy, Sitecore.Commerce.Core]], mscorlib","$values":[]}},"SellableItem":{"$type":"Sitecore.Commerce.Core.EntityReference, Sitecore.Commerce.Core","Name":"","EntityTarget":"Entity-SellableItem-6042924","EntityTargetUniqueId":"00000000-0000-0000-0000-000000000000","Policies":{"$type":"System.Collections.Generic.List`1[[Sitecore.Commerce.Core.Policy, Sitecore.Commerce.Core]], mscorlib","$values":[]}},"VariationId":"56042926","Quantity":10000,"InvoiceUnitPrice":{"$type":"Sitecore.Commerce.Core.Money, Sitecore.Commerce.Core","CurrencyCode":"USD","Amount":0.0},"Components":{"$type":"System.Collections.Generic.List`1[[Sitecore.Commerce.Core.Component, Sitecore.Commerce.Core]], mscorlib","$values":[]},"DateCreated":"2020-05-13T18:44:02.0649553+00:00","DateUpdated":"2020-05-13T18:44:02.0649553+00:00","DisplayName":"Habitat_Inventory-6042924-56042926","FriendlyId":"Habitat_Inventory-6042924-56042926","Id":"Entity-InventoryInformation-Habitat_Inventory-6042924-56042926","Version":0,"EntityVersion":1,"Published":true,"IsPersisted":false,"Name":"Habitat_Inventory-6042924-56042926","UniqueId":"00000000-0000-0000-0000-000000000000","Policies":{"$type":"System.Collections.Generic.List`1[[Sitecore.Commerce.Core.Policy, Sitecore.Commerce.Core]], mscorlib","$values":[]}},{"$type":"Sitecore.Commerce.Plugin.Inventory.InventoryInformation, Sitecore.Commerce.Plugin.Inventory","InventorySet":{"$type":"Sitecore.Commerce.Core.EntityReference, Sitecore.Commerce.Core","Name":"","EntityTarget":"Entity-InventorySet-Habitat_Inventory","EntityTargetUniqueId":"00000000-0000-0000-0000-000000000000","Policies":{"$type":"System.Collections.Generic.List`1[[Sitecore.Commerce.Core.Policy, Sitecore.Commerce.Core]], mscorlib","$values":[]}},"SellableItem":{"$type":"Sitecore.Commerce.Core.EntityReference, Sitecore.Commerce.Core","Name":"","EntityTarget":"Entity-SellableItem-6042924","EntityTargetUniqueId":"00000000-0000-0000-0000-000000000000","Policies":{"$type":"System.Collections.Generic.List`1[[Sitecore.Commerce.Core.Policy, Sitecore.Commerce.Core]], mscorlib","$values":[]}},"VariationId":"56042927","Quantity":10000,"InvoiceUnitPrice":{"$type":"Sitecore.Commerce.Core.Money, Sitecore.Commerce.Core","CurrencyCode":"USD","Amount":0.0},"Components":{"$type":"System.Collections.Generic.List`1[[Sitecore.Commerce.Core.Component, Sitecore.Commerce.Core]], mscorlib","$values":[]},"DateCreated":"2020-05-13T18:44:02.0649553+00:00","DateUpdated":"2020-05-13T18:44:02.0649553+00:00","DisplayName":"Habitat_Inventory-6042924-56042927","FriendlyId":"Habitat_Inventory-6042924-56042927","Id":"Entity-InventoryInformation-Habitat_Inventory-6042924-56042927","Version":0,"EntityVersion":1,"Published":true,"IsPersisted":false,"Name":"Habitat_Inventory-6042924-56042927","UniqueId":"00000000-0000-0000-0000-000000000000","Policies":{"$type":"System.Collections.Generic.List`1[[Sitecore.Commerce.Core.Policy, Sitecore.Commerce.Core]], mscorlib","$values":[]}},{"$type":"Sitecore.Commerce.Plugin.Inventory.InventoryInformation, Sitecore.Commerce.Plugin.Inventory","InventorySet":{"$type":"Sitecore.Commerce.Core.EntityReference, Sitecore.Commerce.Core","Name":"","EntityTarget":"Entity-InventorySet-Habitat_Inventory","EntityTargetUniqueId":"00000000-0000-0000-0000-000000000000","Policies":{"$type":"System.Collections.Generic.List`1[[Sitecore.Commerce.Core.Policy, Sitecore.Commerce.Core]], mscorlib","$values":[]}},"SellableItem":{"$type":"Sitecore.Commerce.Core.EntityReference, Sitecore.Commerce.Core","Name":"","EntityTarget":"Entity-SellableItem-6042924","EntityTargetUniqueId":"00000000-0000-0000-0000-000000000000","Policies":{"$type":"System.Collections.Generic.List`1[[Sitecore.Commerce.Core.Policy, Sitecore.Commerce.Core]], mscorlib","$values":[]}},"VariationId":"56042928","Quantity":10000,"InvoiceUnitPrice":{"$type":"Sitecore.Commerce.Core.Money, Sitecore.Commerce.Core","CurrencyCode":"USD","Amount":0.0},"Components":{"$type":"System.Collections.Generic.List`1[[Sitecore.Commerce.Core.Component, Sitecore.Commerce.Core]], mscorlib","$values":[]},"DateCreated":"2020-05-13T18:44:02.0649553+00:00","DateUpdated":"2020-05-13T18:44:02.0649553+00:00","DisplayName":"Habitat_Inventory-6042924-56042928","FriendlyId":"Habitat_Inventory-6042924-56042928","Id":"Entity-InventoryInformation-Habitat_Inventory-6042924-56042928","Version":0,"EntityVersion":1,"Published":true,"IsPersisted":false,"Name":"Habitat_Inventory-6042924-56042928","UniqueId":"00000000-0000-0000-0000-000000000000","Policies":{"$type":"System.Collections.Generic.List`1[[Sitecore.Commerce.Core.Policy, Sitecore.Commerce.Core]], mscorlib","$values":[]}},{"$type":"Sitecore.Commerce.Plugin.Inventory.InventoryInformation, Sitecore.Commerce.Plugin.Inventory","InventorySet":{"$type":"Sitecore.Commerce.Core.EntityReference, Sitecore.Commerce.Core","Name":"","EntityTarget":"Entity-InventorySet-Habitat_Inventory","EntityTargetUniqueId":"00000000-0000-0000-0000-000000000000","Policies":{"$type":"System.Collections.Generic.List`1[[Sitecore.Commerce.Core.Policy, Sitecore.Commerce.Core]], mscorlib","$values":[]}},"SellableItem":{"$type":"Sitecore.Commerce.Core.EntityReference, Sitecore.Commerce.Core","Name":"","EntityTarget":"Entity-SellableItem-6042929","EntityTargetUniqueId":"00000000-0000-0000-0000-000000000000","Policies":{"$type":"System.Collections.Generic.List`1[[Sitecore.Commerce.Core.Policy, Sitecore.Commerce.Core]], mscorlib","$values":[]}},"VariationId":"56042929","Quantity":10000,"InvoiceUnitPrice":{"$type":"Sitecore.Commerce.Core.Money, Sitecore.Commerce.Core","CurrencyCode":"USD","Amount":0.0},"Components":{"$type":"System.Collections.Generic.List`1[[Sitecore.Commerce.Core.Component, Sitecore.Commerce.Core]], mscorlib","$values":[]},"DateCreated":"2020-05-13T18:44:02.0649553+00:00","DateUpdated":"2020-05-13T18:44:02.0649553+00:00","DisplayName":"Habitat_Inventory-6042929-56042929","FriendlyId":"Habitat_Inventory-6042929-56042929","Id":"Entity-InventoryInformation-Habitat_Inventory-6042929-56042929","Version":0,"EntityVersion":1,"Published":true,"IsPersisted":false,"Name":"Habitat_Inventory-6042929-56042929","UniqueId":"00000000-0000-0000-0000-000000000000","Policies":{"$type":"System.Collections.Generic.List`1[[Sitecore.Commerce.Core.Policy, Sitecore.Commerce.Core]], mscorlib","$values":[]}},{"$type":"Sitecore.Commerce.Plugin.Inventory.InventoryInformation, Sitecore.Commerce.Plugin.Inventory","InventorySet":{"$type":"Sitecore.Commerce.Core.EntityReference, Sitecore.Commerce.Core","Name":"","EntityTarget":"Entity-InventorySet-Habitat_Inventory","EntityTargetUniqueId":"00000000-0000-0000-0000-000000000000","Policies":{"$type":"System.Collections.Generic.List`1[[Sitecore.Commerce.Core.Policy, Sitecore.Commerce.Core]], mscorlib","$values":[]}},"SellableItem":{"$type":"Sitecore.Commerce.Core.EntityReference, Sitecore.Commerce.Core","Name":"","EntityTarget":"Entity-SellableItem-6042930","EntityTargetUniqueId":"00000000-0000-0000-0000-000000000000","Policies":{"$type":"System.Collections.Generic.List`1[[Sitecore.Commerce.Core.Policy, Sitecore.Commerce.Core]], mscorlib","$values":[]}},"VariationId":"56042930","Quantity":10000,"InvoiceUnitPrice":{"$type":"Sitecore.Commerce.Core.Money, Sitecore.Commerce.Core","CurrencyCode":"USD","Amount":0.0},"Components":{"$type":"System.Collections.Generic.List`1[[Sitecore.Commerce.Core.Component, Sitecore.Commerce.Core]], mscorlib","$values":[]},"DateCreated":"2020-05-13T18:44:02.0649553+00:00","DateUpdated":"2020-05-13T18:44:02.0649553+00:00","DisplayName":"Habitat_Inventory-6042930-56042930","FriendlyId":"Habitat_Inventory-6042930-56042930","Id":"Entity-InventoryInformation-Habitat_Inventory-6042930-56042930","Version":0,"EntityVersion":1,"Published":true,"IsPersisted":false,"Name":"Habitat_Inventory-6042930-56042930","UniqueId":"00000000-0000-0000-0000-000000000000","Policies":{"$type":"System.Collections.Generic.List`1[[Sitecore.Commerce.Core.Policy, Sitecore.Commerce.Core]], mscorlib","$values":[]}},{"$type":"Sitecore.Commerce.Plugin.Inventory.InventoryInformation, Sitecore.Commerce.Plugin.Inventory","InventorySet":{"$type":"Sitecore.Commerce.Core.EntityReference, Sitecore.Commerce.Core","Name":"","EntityTarget":"Entity-InventorySet-Habitat_Inventory","EntityTargetUniqueId":"00000000-0000-0000-0000-000000000000","Policies":{"$type":"System.Collections.Generic.List`1[[Sitecore.Commerce.Core.Policy, Sitecore.Commerce.Core]], mscorlib","$values":[]}},"SellableItem":{"$type":"Sitecore.Commerce.Core.EntityReference, Sitecore.Commerce.Core","Name":"","EntityTarget":"Entity-SellableItem-6042930","EntityTargetUniqueId":"00000000-0000-0000-0000-000000000000","Policies":{"$type":"System.Collections.Generic.List`1[[Sitecore.Commerce.Core.Policy, Sitecore.Commerce.Core]], mscorlib","$values":[]}},"VariationId":"56042931","Quantity":10000,"InvoiceUnitPrice":{"$type":"Sitecore.Commerce.Core.Money, Sitecore.Commerce.Core","CurrencyCode":"USD","Amount":0.0},"Components":{"$type":"System.Collections.Generic.List`1[[Sitecore.Commerce.Core.Component, Sitecore.Commerce.Core]], mscorlib","$values":[]},"DateCreated":"2020-05-13T18:44:02.0649553+00:00","DateUpdated":"2020-05-13T18:44:02.0649553+00:00","DisplayName":"Habitat_Inventory-6042930-56042931","FriendlyId":"Habitat_Inventory-6042930-56042931","Id":"Entity-InventoryInformation-Habitat_Inventory-6042930-56042931","Version":0,"EntityVersion":1,"Published":true,"IsPersisted":false,"Name":"Habitat_Inventory-6042930-56042931","UniqueId":"00000000-0000-0000-0000-000000000000","Policies":{"$type":"System.Collections.Generic.List`1[[Sitecore.Commerce.Core.Policy, Sitecore.Commerce.Core]], mscorlib","$values":[]}},{"$type":"Sitecore.Commerce.Plugin.Inventory.InventoryInformation, Sitecore.Commerce.Plugin.Inventory","InventorySet":{"$type":"Sitecore.Commerce.Core.EntityReference, Sitecore.Commerce.Core","Name":"","EntityTarget":"Entity-InventorySet-Habitat_Inventory","EntityTargetUniqueId":"00000000-0000-0000-0000-000000000000","Policies":{"$type":"System.Collections.Generic.List`1[[Sitecore.Commerce.Core.Policy, Sitecore.Commerce.Core]], mscorlib","$values":[]}},"SellableItem":{"$type":"Sitecore.Commerce.Core.EntityReference, Sitecore.Commerce.Core","Name":"","EntityTarget":"Entity-SellableItem-6042930","EntityTargetUniqueId":"00000000-0000-0000-0000-000000000000","Policies":{"$type":"System.Collections.Generic.List`1[[Sitecore.Commerce.Core.Policy, Sitecore.Commerce.Core]], mscorlib","$values":[]}},"VariationId":"56042932","Quantity":10000,"InvoiceUnitPrice":{"$type":"Sitecore.Commerce.Core.Money, Sitecore.Commerce.Core","CurrencyCode":"USD","Amount":0.0},"Components":{"$type":"System.Collections.Generic.List`1[[Sitecore.Commerce.Core.Component, Sitecore.Commerce.Core]], mscorlib","$values":[]},"DateCreated":"2020-05-13T18:44:02.0654541+00:00","DateUpdated":"2020-05-13T18:44:02.0654541+00:00","DisplayName":"Habitat_Inventory-6042930-56042932","FriendlyId":"Habitat_Inventory-6042930-56042932","Id":"Entity-InventoryInformation-Habitat_Inventory-6042930-56042932","Version":0,"EntityVersion":1,"Published":true,"IsPersisted":false,"Name":"Habitat_Inventory-6042930-56042932","UniqueId":"00000000-0000-0000-0000-000000000000","Policies":{"$type":"System.Collections.Generic.List`1[[Sitecore.Commerce.Core.Policy, Sitecore.Commerce.Core]], mscorlib","$values":[]}},{"$type":"Sitecore.Commerce.Plugin.Inventory.InventoryInformation, Sitecore.Commerce.Plugin.Inventory","InventorySet":{"$type":"Sitecore.Commerce.Core.EntityReference, Sitecore.Commerce.Core","Name":"","EntityTarget":"Entity-InventorySet-Habitat_Inventory","EntityTargetUniqueId":"00000000-0000-0000-0000-000000000000","Policies":{"$type":"System.Collections.Generic.List`1[[Sitecore.Commerce.Core.Policy, Sitecore.Commerce.Core]], mscorlib","$values":[]}},"SellableItem":{"$type":"Sitecore.Commerce.Core.EntityReference, Sitecore.Commerce.Core","Name":"","EntityTarget":"Entity-SellableItem-6042930","EntityTargetUniqueId":"00000000-0000-0000-0000-000000000000","Policies":{"$type":"System.Collections.Generic.List`1[[Sitecore.Commerce.Core.Policy, Sitecore.Commerce.Core]], mscorlib","$values":[]}},"VariationId":"56042933","Quantity":10000,"InvoiceUnitPrice":{"$type":"Sitecore.Commerce.Core.Money, Sitecore.Commerce.Core","CurrencyCode":"USD","Amount":0.0},"Components":{"$type":"System.Collections.Generic.List`1[[Sitecore.Commerce.Core.Component, Sitecore.Commerce.Core]], mscorlib","$values":[]},"DateCreated":"2020-05-13T18:44:02.0654541+00:00","DateUpdated":"2020-05-13T18:44:02.0654541+00:00","DisplayName":"Habitat_Inventory-6042930-56042933","FriendlyId":"Habitat_Inventory-6042930-56042933","Id":"Entity-InventoryInformation-Habitat_Inventory-6042930-56042933","Version":0,"EntityVersion":1,"Published":true,"IsPersisted":false,"Name":"Habitat_Inventory-6042930-56042933","UniqueId":"00000000-0000-0000-0000-000000000000","Policies":{"$type":"System.Collections.Generic.List`1[[Sitecore.Commerce.Core.Policy, Sitecore.Commerce.Core]], mscorlib","$values":[]}},{"$type":"Sitecore.Commerce.Plugin.Inventory.InventoryInformation, Sitecore.Commerce.Plugin.Inventory","InventorySet":{"$type":"Sitecore.Commerce.Core.EntityReference, Sitecore.Commerce.Core","Name":"","EntityTarget":"Entity-InventorySet-Habitat_Inventory","EntityTargetUniqueId":"00000000-0000-0000-0000-000000000000","Policies":{"$type":"System.Collections.Generic.List`1[[Sitecore.Commerce.Core.Policy, Sitecore.Commerce.Core]], mscorlib","$values":[]}},"SellableItem":{"$type":"Sitecore.Commerce.Core.EntityReference, Sitecore.Commerce.Core","Name":"","EntityTarget":"Entity-SellableItem-6042930","EntityTargetUniqueId":"00000000-0000-0000-0000-000000000000","Policies":{"$type":"System.Collections.Generic.List`1[[Sitecore.Commerce.Core.Policy, Sitecore.Commerce.Core]], mscorlib","$values":[]}},"VariationId":"56042934","Quantity":10000,"InvoiceUnitPrice":{"$type":"Sitecore.Commerce.Core.Money, Sitecore.Commerce.Core","CurrencyCode":"USD","Amount":0.0},"Components":{"$type":"System.Collections.Generic.List`1[[Sitecore.Commerce.Core.Component, Sitecore.Commerce.Core]], mscorlib","$values":[]},"DateCreated":"2020-05-13T18:44:02.0654541+00:00","DateUpdated":"2020-05-13T18:44:02.0654541+00:00","DisplayName":"Habitat_Inventory-6042930-56042934","FriendlyId":"Habitat_Inventory-6042930-56042934","Id":"Entity-InventoryInformation-Habitat_Inventory-6042930-56042934","Version":0,"EntityVersion":1,"Published":true,"IsPersisted":false,"Name":"Habitat_Inventory-6042930-56042934","UniqueId":"00000000-0000-0000-0000-000000000000","Policies":{"$type":"System.Collections.Generic.List`1[[Sitecore.Commerce.Core.Policy, Sitecore.Commerce.Core]], mscorlib","$values":[]}},{"$type":"Sitecore.Commerce.Plugin.Inventory.InventoryInformation, Sitecore.Commerce.Plugin.Inventory","InventorySet":{"$type":"Sitecore.Commerce.Core.EntityReference, Sitecore.Commerce.Core","Name":"","EntityTarget":"Entity-InventorySet-Habitat_Inventory","EntityTargetUniqueId":"00000000-0000-0000-0000-000000000000","Policies":{"$type":"System.Collections.Generic.List`1[[Sitecore.Commerce.Core.Policy, Sitecore.Commerce.Core]], mscorlib","$values":[]}},"SellableItem":{"$type":"Sitecore.Commerce.Core.EntityReference, Sitecore.Commerce.Core","Name":"","EntityTarget":"Entity-SellableItem-6042935","EntityTargetUniqueId":"00000000-0000-0000-0000-000000000000","Policies":{"$type":"System.Collections.Generic.List`1[[Sitecore.Commerce.Core.Policy, Sitecore.Commerce.Core]], mscorlib","$values":[]}},"VariationId":"56042935","Quantity":10000,"InvoiceUnitPrice":{"$type":"Sitecore.Commerce.Core.Money, Sitecore.Commerce.Core","CurrencyCode":"USD","Amount":0.0},"Components":{"$type":"System.Collections.Generic.List`1[[Sitecore.Commerce.Core.Component, Sitecore.Commerce.Core]], mscorlib","$values":[]},"DateCreated":"2020-05-13T18:44:02.0654541+00:00","DateUpdated":"2020-05-13T18:44:02.0654541+00:00","DisplayName":"Habitat_Inventory-6042935-56042935","FriendlyId":"Habitat_Inventory-6042935-56042935","Id":"Entity-InventoryInformation-Habitat_Inventory-6042935-56042935","Version":0,"EntityVersion":1,"Published":true,"IsPersisted":false,"Name":"Habitat_Inventory-6042935-56042935","UniqueId":"00000000-0000-0000-0000-000000000000","Policies":{"$type":"System.Collections.Generic.List`1[[Sitecore.Commerce.Core.Policy, Sitecore.Commerce.Core]], mscorlib","$values":[]}}]}